-- phpMyAdmin SQL Dump
-- version 5.0.2
-- https://www.phpmyadmin.net/
--
-- Host: 127.0.0.1
-- Waktu pembuatan: 15 Okt 2020 pada 07.42
-- Versi server: 10.4.13-MariaDB
-- Versi PHP: 7.4.7

SET SQL_MODE = "NO_AUTO_VALUE_ON_ZERO";
START TRANSACTION;
SET time_zone = "+00:00";


/*!40101 SET @OLD_CHARACTER_SET_CLIENT=@@CHARACTER_SET_CLIENT */;
/*!40101 SET @OLD_CHARACTER_SET_RESULTS=@@CHARACTER_SET_RESULTS */;
/*!40101 SET @OLD_COLLATION_CONNECTION=@@COLLATION_CONNECTION */;
/*!40101 SET NAMES utf8mb4 */;

--
-- Database: `e-presensi-v2`
--

-- --------------------------------------------------------

--
-- Struktur dari tabel `absen_guru`
--

CREATE TABLE `absen_guru` (
  `id_absg` int(11) NOT NULL,
  `nip` varchar(21) NOT NULL,
  `tanggal` varchar(12) NOT NULL,
  `jam` varchar(5) NOT NULL,
  `status` varchar(20) NOT NULL,
  `surat_izin` varchar(60) NOT NULL,
  `keterangan` varchar(100) NOT NULL,
  `ttd` varchar(50) CHARACTER SET utf8mb4 COLLATE utf8mb4_bin NOT NULL,
  `jenis_absen` varchar(10) NOT NULL
) ENGINE=InnoDB DEFAULT CHARSET=utf8mb4;

--
-- Dumping data untuk tabel `absen_guru`
--

INSERT INTO `absen_guru` (`id_absg`, `nip`, `tanggal`, `jam`, `status`, `surat_izin`, `keterangan`, `ttd`, `jenis_absen`) VALUES
(1, '1270018001', '28-09-2020', '11:34', 'hadir', '', 'Terlambat 3 jam 34 menit 56 detik', '28-09-2020-1270018001-datang.png', 'datang'),
(2, '1270018001', '28-09-2020', '11:34', 'hadir', '', 'Pulang cepat', '28-09-2020-1270018001-pulang.png', 'pulang'),
(3, '1270018003', '28-09-2020', '11:40', 'hadir', '', 'Terlambat 3 jam 40 menit 17 detik', '28-09-2020-1270018003-datang.png', 'datang'),
(4, '1270018004', '28-09-2020', '07:20', 'hadir', '', 'Tepat waktu', '28-09-2020-1270018004-datang.png', 'datang'),
(5, '1270018004', '28-09-2020', '07:26', 'hadir', '', 'Pulang cepat', '28-09-2020-1270018004-pulang.png', 'pulang');

-- --------------------------------------------------------

--
-- Struktur dari tabel `absen_siswa`
--

CREATE TABLE `absen_siswa` (
  `id_abss` int(11) NOT NULL,
  `nisn` varchar(20) NOT NULL,
  `tanggal` varchar(12) NOT NULL,
  `jam` varchar(5) NOT NULL,
  `status` varchar(20) NOT NULL,
  `surat_izin` varchar(60) NOT NULL,
  `keterangan` varchar(100) NOT NULL,
  `ttd` varchar(50) CHARACTER SET utf8mb4 COLLATE utf8mb4_bin NOT NULL,
  `jenis_absen` varchar(10) NOT NULL
) ENGINE=InnoDB DEFAULT CHARSET=utf8mb4;

--
-- Dumping data untuk tabel `absen_siswa`
--

INSERT INTO `absen_siswa` (`id_abss`, `nisn`, `tanggal`, `jam`, `status`, `surat_izin`, `keterangan`, `ttd`, `jenis_absen`) VALUES
(1, '1270018000', '28-09-2020', '11:24', 'hadir', '', 'Terlambat 3 jam 24 menit 1 detik', '28-09-2020-1270018000-datang.png', 'datang'),
(2, '1270018000', '28-09-2020', '11:24', 'hadir', '', 'Pulang cepat', '1270018000-28-09-2020-pulang.png', 'pulang'),
(3, '1270018003', '28-09-2020', '07:12', 'sakit', '28-09-2020-1270018003-sakit.jpg', 'Tepat waktu', '28-09-2020-1270018003-datang.png', 'datang'),
(4, '1270018003', '28-09-2020', '07:12', 'sakit', '28-09-2020-1270018003-sakit.jpg', 'Pulang cepat', '28-09-2020-1270018003-datang.png', 'pulang'),
(5, '13210887065', '08-10-2020', '14:02', 'hadir', '', 'Terlambat 6 jam 2 menit 51 detik', '08-10-2020-13210887065-datang.png', 'datang'),
(6, '13210887065', '08-10-2020', '14:03', 'hadir', '', 'Pulang cepat', '13210887065-08-10-2020-pulang.png', 'pulang'),
(7, '13210887065', '15-10-2020', '12:40', 'hadir', '', 'Terlambat 4 jam 40 menit 39 detik', '15-10-2020-13210887065-datang.png', 'datang');

-- --------------------------------------------------------

--
-- Struktur dari tabel `guru`
--

CREATE TABLE `guru` (
  `id_guru` int(11) NOT NULL,
  `nip` varchar(21) NOT NULL,
  `nama` varchar(35) NOT NULL,
  `sts_id` int(11) NOT NULL,
  `password` varchar(150) NOT NULL
) ENGINE=InnoDB DEFAULT CHARSET=utf8mb4;

--
-- Dumping data untuk tabel `guru`
--

INSERT INTO `guru` (`id_guru`, `nip`, `nama`, `sts_id`, `password`) VALUES
(1, '196407171989032014', ' Dra. Priwahyu Hartanti, M.Pd.', 1, 'ee11cbb19052e40b07aac0ca060c23ee'),
(2, '196411171989032004', 'Isnayah, S.Pd., MMPd', 2, 'ee11cbb19052e40b07aac0ca060c23ee'),
(3, '196206201987031008', ' Drs. Yuni Irianto', 2, 'ee11cbb19052e40b07aac0ca060c23ee'),
(4, '196311041987101001', ' Drs. Supandi', 2, 'ee11cbb19052e40b07aac0ca060c23ee'),
(5, '196203171990031008', ' Drs. Sutamam', 2, 'ee11cbb19052e40b07aac0ca060c23ee'),
(6, '196407031990031011', ' Drs. Dwi Cahyono', 2, 'ee11cbb19052e40b07aac0ca060c23ee'),
(7, '196408021989031014', ' Agus Wardoyo. S.E.', 2, 'ee11cbb19052e40b07aac0ca060c23ee'),
(8, '196506101994032009', ' Dra. Titik Sudarwati', 2, 'ee11cbb19052e40b07aac0ca060c23ee'),
(9, '196612191994122002', ' Dra. Luluk Hanum', 2, 'ee11cbb19052e40b07aac0ca060c23ee'),
(10, '197311261999031001', ' Abdul Hayyi, S.Pd', 3, 'ee11cbb19052e40b07aac0ca060c23ee'),
(11, '196201041983031010', ' Drs. Wahono  ', 2, 'ee11cbb19052e40b07aac0ca060c23ee'),
(12, '196704111990012002', ' Erni Sumarliah, S.Pd', 4, 'ee11cbb19052e40b07aac0ca060c23ee'),
(13, '196504081990031021', ' Pamujiyanto, SE', 2, 'ee11cbb19052e40b07aac0ca060c23ee'),
(14, '196408071998022001', ' Dra. Widarsih', 2, 'ee11cbb19052e40b07aac0ca060c23ee'),
(15, '196109271992112001', ' Suhartatik, S.Pd.I', 2, 'ee11cbb19052e40b07aac0ca060c23ee'),
(16, '196805031998021003', ' Drs. Hasyim', 2, 'ee11cbb19052e40b07aac0ca060c23ee'),
(17, '196506182000122001', ' Ir. Uswatun Kh. M.Pd.', 2, 'ee11cbb19052e40b07aac0ca060c23ee'),
(18, '197101171997031003', ' Yakup Junaidi, S.Pd', 5, 'ee11cbb19052e40b07aac0ca060c23ee'),
(19, '196401152007012006', ' Dra. Siti Aisah', 6, 'ee11cbb19052e40b07aac0ca060c23ee'),
(20, '196808212007011016', ' Agus Isnuryanto, S.Pd.', 2, 'ee11cbb19052e40b07aac0ca060c23ee'),
(21, '196908232007012014', ' RR. Retno Sri Utami S.Pd.', 2, 'ee11cbb19052e40b07aac0ca060c23ee'),
(22, '196412232007011006', ' Drs. Oesdiarko Tjahjo K.', 2, 'ee11cbb19052e40b07aac0ca060c23ee'),
(23, '196403172007012005', ' Dra. Ernanik Andarwati', 5, 'ee11cbb19052e40b07aac0ca060c23ee'),
(24, '196809292007012018', ' Dra. Tri Rahayuningsih', 6, 'ee11cbb19052e40b07aac0ca060c23ee'),
(25, '197103302007012008', ' Surita, S.Pd.', 2, 'ee11cbb19052e40b07aac0ca060c23ee'),
(26, '196304022007011012', ' Drs. Bibit', 6, 'ee11cbb19052e40b07aac0ca060c23ee'),
(27, '196203262008012004', ' Dra. Endarwati', 7, 'ee11cbb19052e40b07aac0ca060c23ee'),
(28, '196601252008012005', ' Lilis Suryani, S.Pd', 6, 'ee11cbb19052e40b07aac0ca060c23ee'),
(29, '197406062008012024', ' Ainun Rifa M, S.Pd', 2, 'ee11cbb19052e40b07aac0ca060c23ee'),
(30, '198505222010011012', ' Didik Iryanto, S.Pd, MM', 2, 'ee11cbb19052e40b07aac0ca060c23ee'),
(31, '198205242009031004', ' Isnaini Hasan Asy\'ari, S.Pd.', 5, 'ee11cbb19052e40b07aac0ca060c23ee'),
(32, '197508012008012013', ' Irma Mufidah, S.Pd', 2, 'ee11cbb19052e40b07aac0ca060c23ee'),
(33, '198101172009021006', ' Nanang Purwadi, S.Pd', 8, 'ee11cbb19052e40b07aac0ca060c23ee'),
(34, '197312042014122001', ' Ery Hidayanti,S.E, MSA, Ak, CA.', 2, 'ee11cbb19052e40b07aac0ca060c23ee'),
(35, '196904062014122001', ' Elita Widjajani, S.Pd.', 2, 'ee11cbb19052e40b07aac0ca060c23ee'),
(36, '197809162014121001', ' Suharianto, S.E', 2, 'ee11cbb19052e40b07aac0ca060c23ee'),
(37, '197608152014121001', ' Farih Fauzie, S.Ag. M.Pd.', 2, 'ee11cbb19052e40b07aac0ca060c23ee'),
(38, '197707232014122006', ' Arie Widiyati, S.Pd.', 2, 'ee11cbb19052e40b07aac0ca060c23ee'),
(39, '197607162014121004', ' Ahmadi, S.E', 5, 'ee11cbb19052e40b07aac0ca060c23ee'),
(40, '196510232014121001', ' Drs. Muhammad Satruki', 2, 'ee11cbb19052e40b07aac0ca060c23ee'),
(41, '196403121986022006', ' Samsidar, S.Pd.', 9, 'ee11cbb19052e40b07aac0ca060c23ee'),
(64, '091028004', 'Aries Fatchurrochim, SPd', 2, 'ee11cbb19052e40b07aac0ca060c23ee'),
(65, '091028005', ' Dwi Handayani, SPd', 2, 'ee11cbb19052e40b07aac0ca060c23ee'),
(66, '091028014', ' Edi Santoso, S Si', 2, 'ee11cbb19052e40b07aac0ca060c23ee'),
(67, '091028015', ' Munawir, S Ag', 2, 'ee11cbb19052e40b07aac0ca060c23ee'),
(68, '091028017', ' Erlyn Tri Setyarini, SPd', 2, 'ee11cbb19052e40b07aac0ca060c23ee'),
(69, '091028023', ' Dra. Hanunah', 2, 'ee11cbb19052e40b07aac0ca060c23ee'),
(70, '091028018', ' Ulffah Dewiyanti , SPd', 2, 'ee11cbb19052e40b07aac0ca060c23ee'),
(71, '091028022', ' Adnan, SPd', 2, 'ee11cbb19052e40b07aac0ca060c23ee'),
(72, '091028041', ' Lasminingsih, S.Pd.I.', 2, 'ee11cbb19052e40b07aac0ca060c23ee'),
(73, '091028043', ' Mufarohah Fitri Haliana, S.Pd.', 2, 'ee11cbb19052e40b07aac0ca060c23ee'),
(74, '091028044', ' Muh. Nur Hamid, S. Kom.', 5, 'ee11cbb19052e40b07aac0ca060c23ee'),
(75, '091028054', ' Nuri Dyah Handayani, S.Pd', 2, 'ee11cbb19052e40b07aac0ca060c23ee'),
(76, '091028059', ' Dewi Qurotul A\'yun, S. Kom.', 2, 'ee11cbb19052e40b07aac0ca060c23ee'),
(77, '091028060', ' Athik Ristalata, SE', 2, 'ee11cbb19052e40b07aac0ca060c23ee'),
(78, '091028063', ' Nurdina Rizki Amalia, S.Pd.', 2, 'ee11cbb19052e40b07aac0ca060c23ee'),
(79, '091028068', ' Amelia Puspita Ella, A.Md.', 2, 'ee11cbb19052e40b07aac0ca060c23ee'),
(80, '091028071', ' Devita Noor Anggriani, S.Kom.', 2, 'ee11cbb19052e40b07aac0ca060c23ee'),
(81, '091028072', ' ST.  Musyarofah, S.Sn.', 2, 'ee11cbb19052e40b07aac0ca060c23ee'),
(82, '091028073', ' Arif Jainuri, SS.', 2, 'ee11cbb19052e40b07aac0ca060c23ee'),
(83, '091028062', 'M. Risqi Firmansyah, S.Kom.', 2, 'ee11cbb19052e40b07aac0ca060c23ee'),
(84, '0910280676', 'Novita Elok Permata S, S.Pd.', 2, 'ee11cbb19052e40b07aac0ca060c23ee'),
(85, '091028081', 'Indarwati, S.E.', 2, 'ee11cbb19052e40b07aac0ca060c23ee'),
(86, '091028082', ' Siti junaida, S.Pd.', 2, 'ee11cbb19052e40b07aac0ca060c23ee'),
(87, '091028083', ' Ike Indriani, S.Pd.', 2, 'ee11cbb19052e40b07aac0ca060c23ee'),
(88, '091028078', ' Ayu Rheina Firdauzi, S.Pd,', 2, 'ee11cbb19052e40b07aac0ca060c23ee'),
(89, '091028085', ' Diah Rizki Pratiwi, S.Pd.', 2, 'ee11cbb19052e40b07aac0ca060c23ee'),
(90, '091028086', ' Ahmad Muzaki, S.Pd.', 2, 'ee11cbb19052e40b07aac0ca060c23ee'),
(91, '091028088', ' Futihah Qudrotin, S.Pd.', 2, 'ee11cbb19052e40b07aac0ca060c23ee'),
(92, '091028087', ' Achmad Zaenul Ulum, S.Pd.', 2, 'ee11cbb19052e40b07aac0ca060c23ee'),
(93, '091028091', ' Nur Farida', 2, 'ee11cbb19052e40b07aac0ca060c23ee'),
(95, '091028029', 'SANIAH', 10, 'ee11cbb19052e40b07aac0ca060c23ee'),
(96, '091028031', 'HARI SUNARNO', 10, 'ee11cbb19052e40b07aac0ca060c23ee'),
(97, '091028033', 'TEGUH PRAYITNO', 12, 'ee11cbb19052e40b07aac0ca060c23ee'),
(98, '091028035', 'SITI HOTIJAH, A.Ma.Pust.', 10, 'ee11cbb19052e40b07aac0ca060c23ee'),
(99, '091028036', 'SUGIYANTO', 12, 'ee11cbb19052e40b07aac0ca060c23ee'),
(100, '091028038', 'FIRMAN FAROBI', 10, 'ee11cbb19052e40b07aac0ca060c23ee'),
(101, '091028041', 'SUNARYO', 11, 'ee11cbb19052e40b07aac0ca060c23ee'),
(102, '091028043', 'ABDUL GAFUR', 12, 'ee11cbb19052e40b07aac0ca060c23ee'),
(103, '091028049', 'UMAR MUKTAR', 12, 'ee11cbb19052e40b07aac0ca060c23ee'),
(104, '091028050', 'LUTFI GUFRON', 11, 'ee11cbb19052e40b07aac0ca060c23ee'),
(105, '091028055', 'M. RIZAL MUSTOFA', 10, 'ee11cbb19052e40b07aac0ca060c23ee'),
(106, '091028056', 'AHMAT', 11, 'ee11cbb19052e40b07aac0ca060c23ee'),
(107, '091028057', 'AJENG SETYANING UTAMI', 10, 'ee11cbb19052e40b07aac0ca060c23ee'),
(108, '091028058', 'ISTIKOMAH', 10, 'ee11cbb19052e40b07aac0ca060c23ee'),
(109, '091028061', 'LUKMAN HAYATUDIN', 10, 'ee11cbb19052e40b07aac0ca060c23ee'),
(110, '091028064', 'ABDUL RAHMAN', 12, 'ee11cbb19052e40b07aac0ca060c23ee'),
(111, '091028074', ' MUHAMMAD ZAENURI', 12, 'ee11cbb19052e40b07aac0ca060c23ee'),
(112, '091028075', ' IMAM GOZALI', 11, 'ee11cbb19052e40b07aac0ca060c23ee'),
(113, '091028079', ' DANANG WAHYU T. S.Kom.', 10, 'ee11cbb19052e40b07aac0ca060c23ee'),
(114, '091028084', ' RONI ARI ANDRIYANTO', 12, 'ee11cbb19052e40b07aac0ca060c23ee'),
(115, '091028089', ' EKO WAHYUDI', 12, 'ee11cbb19052e40b07aac0ca060c23ee'),
(116, '091028090', 'MIFTAKHUL JANNAH, S.Ak.', 10, 'ee11cbb19052e40b07aac0ca060c23ee'),
(117, '091028092', ' JEFANDINI MUSTIKASARI, A.Md.', 10, 'ee11cbb19052e40b07aac0ca060c23ee'),
(118, '091028093', ' HERI UMAR PURWANTO', 11, 'ee11cbb19052e40b07aac0ca060c23ee'),
(119, '1270018000', 'MIFTAHUS SHOLIHAH, S.Tr, Ak.', 10, '8b097b8a86f9d6a991357d40d3d58634'),
(126, '1270018001', 'Ahmad Iksan', 2, 'ee11cbb19052e40b07aac0ca060c23ee'),
(127, '1270018002', 'Ahmad Kosim', 2, 'ee11cbb19052e40b07aac0ca060c23ee'),
(128, '1270018003', 'Ahmad Aji', 2, 'ee11cbb19052e40b07aac0ca060c23ee'),
(129, '1270018004', 'Ahmad Ari', 2, 'ee11cbb19052e40b07aac0ca060c23ee');

-- --------------------------------------------------------

--
-- Struktur dari tabel `jam_absen`
--

CREATE TABLE `jam_absen` (
  `id_jam_absen_` int(11) NOT NULL,
  `hari` varchar(10) NOT NULL,
  `datang_mulai` time NOT NULL,
  `datang_berakhir` time NOT NULL,
  `datang_tutup` time NOT NULL,
  `pulang_mulai` time NOT NULL,
  `pulang_berakhir` time NOT NULL,
  `pulang_tutup` time NOT NULL,
  `role` varchar(10) NOT NULL
) ENGINE=InnoDB DEFAULT CHARSET=utf8mb4;

--
-- Dumping data untuk tabel `jam_absen`
--

INSERT INTO `jam_absen` (`id_jam_absen_`, `hari`, `datang_mulai`, `datang_berakhir`, `datang_tutup`, `pulang_mulai`, `pulang_berakhir`, `pulang_tutup`, `role`) VALUES
(1, '1', '06:00:00', '08:00:00', '15:00:00', '15:00:00', '17:00:00', '21:00:00', 'siswa'),
(2, '2', '06:00:00', '08:00:00', '15:00:00', '15:00:00', '17:00:00', '21:00:00', 'siswa'),
(3, '3', '06:00:00', '08:00:00', '15:00:00', '15:00:00', '17:00:00', '21:00:00', 'siswa'),
(4, '4', '06:00:00', '08:00:00', '15:00:00', '15:00:00', '17:00:00', '21:00:00', 'siswa'),
(5, '5', '06:00:00', '08:00:00', '15:00:00', '15:00:00', '17:00:00', '21:00:00', 'siswa'),
(6, '6', '07:00:00', '08:00:00', '15:00:00', '15:00:00', '17:00:00', '21:00:00', 'siswa'),
(7, '1', '06:00:00', '08:00:00', '15:00:00', '15:00:00', '17:00:00', '21:00:00', 'guru'),
(8, '2', '06:00:00', '08:00:00', '15:00:00', '15:00:00', '17:00:00', '21:00:00', 'guru'),
(9, '3', '06:00:00', '08:00:00', '15:00:00', '15:00:00', '17:00:00', '21:00:00', 'guru'),
(10, '4', '06:00:00', '08:00:00', '15:00:00', '15:00:00', '17:00:00', '21:00:00', 'guru'),
(11, '5', '06:00:00', '08:00:00', '15:00:00', '15:00:00', '17:00:00', '21:00:00', 'guru'),
(12, '6', '07:00:00', '08:00:00', '15:00:00', '15:00:00', '17:00:00', '21:00:00', 'guru');

-- --------------------------------------------------------

--
-- Struktur dari tabel `jurusan`
--

CREATE TABLE `jurusan` (
  `id_jurusan` int(5) NOT NULL,
  `nama_jurusan` varchar(15) NOT NULL,
  `ket` varchar(100) NOT NULL
) ENGINE=InnoDB DEFAULT CHARSET=utf8mb4;

--
-- Dumping data untuk tabel `jurusan`
--

INSERT INTO `jurusan` (`id_jurusan`, `nama_jurusan`, `ket`) VALUES
(1, 'RPL', 'Rekayasa Perangakat Lunak'),
(2, 'MM', 'Multimedia'),
(3, 'OTKP', 'Otomatisasi & Tata Kelola Perkantoran'),
(4, 'AKL', 'Akutansi & Keuangan Lembaga'),
(5, 'BDP', 'Bisnis Daring & Pemasaran');

-- --------------------------------------------------------

--
-- Struktur dari tabel `kelas`
--

CREATE TABLE `kelas` (
  `id_kelas` int(11) NOT NULL,
  `nama_kelas` varchar(15) NOT NULL,
  `wali_kelas` int(11) NOT NULL,
  `jurusan_id` int(5) NOT NULL
) ENGINE=InnoDB DEFAULT CHARSET=utf8mb4;

--
-- Dumping data untuk tabel `kelas`
--

INSERT INTO `kelas` (`id_kelas`, `nama_kelas`, `wali_kelas`, `jurusan_id`) VALUES
(1, 'X RPL 1', 0, 1),
(2, 'X RPL 2', 0, 1),
(3, 'XI RPL 1', 0, 1),
(4, 'XI RPL 2', 0, 1),
(5, 'XII RPL 1', 0, 1),
(6, 'XII RPL 2', 0, 1),
(7, 'X MM 1', 0, 2),
(8, 'X MM 2', 0, 2),
(9, 'XI MM 1', 0, 2),
(10, 'XI MM 2', 0, 2),
(11, 'XII MM 1', 0, 2),
(12, 'XII MM 2', 0, 2),
(13, 'X OTKP 1', 0, 3),
(14, 'X OTKP 2', 0, 3),
(15, 'X OTKP 3', 0, 3),
(16, 'XI OTKP 1', 0, 3),
(17, 'XI OTKP 2', 0, 3),
(18, 'XI OTKP 3', 0, 3),
(19, 'XII OTKP 1', 0, 3),
(20, 'XII OTKP 2', 0, 3),
(21, 'XII OTKP 3', 0, 3),
(22, 'X AKL 1', 0, 4),
(23, 'X AKL 2', 0, 4),
(24, 'X AKL 3', 0, 4),
(25, 'XI AKL 1', 0, 4),
(26, 'XI AKL 2', 0, 4),
(27, 'XI AKL 3', 0, 4),
(28, 'XII AKL 1', 0, 4),
(29, 'XII AKL 2', 0, 4),
(30, 'XII AKL 3', 0, 4),
(31, 'X BDP 1', 0, 5),
(32, 'X BDP 2', 0, 5),
(33, 'X BDP 3', 0, 5),
(34, 'X BDP 4', 0, 5),
(35, 'XI BDP 1', 0, 5),
(36, 'XI BDP 2', 0, 5),
(37, 'XI BDP 3', 0, 5),
(38, 'XI BDP 4', 0, 5),
(39, 'XII BDP 1', 0, 5),
(40, 'XII BDP 2', 0, 5),
(41, 'XII BDP 3', 0, 5),
(42, 'XII BDP 4', 0, 5);

-- --------------------------------------------------------

--
-- Struktur dari tabel `mapel`
--

CREATE TABLE `mapel` (
  `id_mapel` int(11) NOT NULL,
  `nama_mapel` varchar(100) NOT NULL,
  `pengajar` int(11) NOT NULL
) ENGINE=InnoDB DEFAULT CHARSET=utf8mb4;

-- --------------------------------------------------------

--
-- Struktur dari tabel `siswa`
--

CREATE TABLE `siswa` (
  `id_siswa` int(11) NOT NULL,
  `nisn` varchar(20) NOT NULL,
  `nama` varchar(35) NOT NULL,
  `kelas_id` int(11) NOT NULL,
  `status` varchar(25) NOT NULL,
  `password` varchar(150) NOT NULL
) ENGINE=InnoDB DEFAULT CHARSET=utf8mb4;

--
-- Dumping data untuk tabel `siswa`
--

INSERT INTO `siswa` (`id_siswa`, `nisn`, `nama`, `kelas_id`, `status`, `password`) VALUES
(1, '145863644111', 'Adelia Dwi Febrianti ', 22, 'Siswa', 'ee11cbb19052e40b07aac0ca060c23ee'),
(2, '145873645111', 'Adelia Eka Agus Saputri ', 22, 'Siswa', 'ee11cbb19052e40b07aac0ca060c23ee'),
(3, '145883646111', 'Adestria Isma Putri Sahidin ', 22, 'Siswa', 'ee11cbb19052e40b07aac0ca060c23ee'),
(4, '145893647111', 'Aditiya Priyangga', 22, 'Siswa', 'ee11cbb19052e40b07aac0ca060c23ee'),
(5, '145903648111', 'Agista Puri Intan Sekar Langit ', 22, 'Siswa', 'ee11cbb19052e40b07aac0ca060c23ee'),
(6, '145913649111', 'Agita Dwi Agustin ', 22, 'Siswa', 'ee11cbb19052e40b07aac0ca060c23ee'),
(7, '145923650111', 'Agustin Wulandari', 22, 'Siswa', 'ee11cbb19052e40b07aac0ca060c23ee'),
(8, '145933651111', 'Ahmad Indra Firmansyah ', 22, 'Siswa', 'ee11cbb19052e40b07aac0ca060c23ee'),
(9, '145943652111', 'Ahmad Nauval Maulana ', 22, 'Siswa', 'ee11cbb19052e40b07aac0ca060c23ee'),
(10, '145953653111', 'Ahmad Noval Adityo ', 22, 'Siswa', 'ee11cbb19052e40b07aac0ca060c23ee'),
(11, '145963654111', 'Ainul Hasan ', 22, 'Siswa', 'ee11cbb19052e40b07aac0ca060c23ee'),
(12, '145973655111', 'Alfi Indah Maharani ', 22, 'Siswa', 'ee11cbb19052e40b07aac0ca060c23ee'),
(13, '145983656111', 'Alin Dea Ranita Cahaya', 22, 'Siswa', 'ee11cbb19052e40b07aac0ca060c23ee'),
(14, '145993657111', 'Aprillia Dian Puspitasari ', 22, 'Siswa', 'ee11cbb19052e40b07aac0ca060c23ee'),
(15, '146003658111', 'Ardi Riki Priyadi ', 22, 'Siswa', 'ee11cbb19052e40b07aac0ca060c23ee'),
(16, '146013659111', 'Berliana Intan Pratiwi ', 22, 'Siswa', 'ee11cbb19052e40b07aac0ca060c23ee'),
(17, '146023660111', 'Cahyaning Pratiwi ', 22, 'Siswa', 'ee11cbb19052e40b07aac0ca060c23ee'),
(18, '146033661111', 'Charlista Ayu Noviana ', 22, 'Siswa', 'ee11cbb19052e40b07aac0ca060c23ee'),
(19, '146043662111', 'Desi Cita Sari', 22, 'Siswa', 'ee11cbb19052e40b07aac0ca060c23ee'),
(20, '146053663111', 'Devi Nur Azizah ', 22, 'Siswa', 'ee11cbb19052e40b07aac0ca060c23ee'),
(21, '146063664111', 'Didin Teguh Panji Waskita ', 22, 'Siswa', 'ee11cbb19052e40b07aac0ca060c23ee'),
(22, '146073665111', 'Dina Dwi Aliska ', 22, 'Siswa', 'ee11cbb19052e40b07aac0ca060c23ee'),
(23, '146083666111', 'Dinda Aurin Nafandari ', 22, 'Siswa', 'ee11cbb19052e40b07aac0ca060c23ee'),
(24, '146093667111', 'Dio Marsyaf Adi Widiatama ', 22, 'Siswa', 'ee11cbb19052e40b07aac0ca060c23ee'),
(25, '146103668111', 'Dwi Eka Suryawati ', 22, 'Siswa', 'ee11cbb19052e40b07aac0ca060c23ee'),
(26, '146113669111', 'Dwi Handayani ', 22, 'Siswa', 'ee11cbb19052e40b07aac0ca060c23ee'),
(27, '146123670111', 'Dwi Rahmawati ', 22, 'Siswa', 'ee11cbb19052e40b07aac0ca060c23ee'),
(28, '146133671111', 'Eren Ramadhan Efendi ', 22, 'Siswa', 'ee11cbb19052e40b07aac0ca060c23ee'),
(29, '146143672111', 'Faridatul Azisah ', 22, 'Siswa', 'ee11cbb19052e40b07aac0ca060c23ee'),
(30, '146153673111', 'Febby Ria Savira ', 22, 'Siswa', 'ee11cbb19052e40b07aac0ca060c23ee'),
(31, '146163674111', 'Ferdi Susianto ', 22, 'Siswa', 'ee11cbb19052e40b07aac0ca060c23ee'),
(32, '146173675111', 'Fifi Luhita Sari ', 22, 'Siswa', 'ee11cbb19052e40b07aac0ca060c23ee'),
(33, '146183676111', 'Fina Helmalia Putri ', 22, 'Siswa', 'ee11cbb19052e40b07aac0ca060c23ee'),
(34, '146193677111', 'Fina Nuraini ', 22, 'Siswa', 'ee11cbb19052e40b07aac0ca060c23ee'),
(35, '146203678111', 'Fitri Mayasari ', 22, 'Siswa', 'ee11cbb19052e40b07aac0ca060c23ee'),
(36, '146213679111', 'Galuhita Pitaloka Jinggan Putri ', 22, 'Siswa', 'ee11cbb19052e40b07aac0ca060c23ee'),
(37, '146223680111', 'Hassa Khoirunnisa ', 23, 'Siswa', 'ee11cbb19052e40b07aac0ca060c23ee'),
(38, '146233681111', 'Havita Kurniawati ', 23, 'Siswa', 'ee11cbb19052e40b07aac0ca060c23ee'),
(39, '146243682111', 'Helmi Holifatun Munawaroh', 23, 'Siswa', 'ee11cbb19052e40b07aac0ca060c23ee'),
(40, '146253683111', 'Ilham Arifillah ', 23, 'Siswa', 'ee11cbb19052e40b07aac0ca060c23ee'),
(41, '146263684111', 'Islaura Ngagel Putri ', 23, 'Siswa', 'ee11cbb19052e40b07aac0ca060c23ee'),
(42, '146273685111', 'Januati', 23, 'Siswa', 'ee11cbb19052e40b07aac0ca060c23ee'),
(43, '146283686111', 'Karima Istin Maulida ', 23, 'Siswa', 'ee11cbb19052e40b07aac0ca060c23ee'),
(44, '146293687111', 'Khoirul Umam ', 23, 'Siswa', 'ee11cbb19052e40b07aac0ca060c23ee'),
(45, '146303688111', 'Lailatul Dwi Fitriyah', 23, 'Siswa', 'ee11cbb19052e40b07aac0ca060c23ee'),
(46, '146313689111', 'Lailatus Sa\'Adah ', 23, 'Siswa', 'ee11cbb19052e40b07aac0ca060c23ee'),
(47, '146323690111', 'Linda Puspitasari ', 23, 'Siswa', 'ee11cbb19052e40b07aac0ca060c23ee'),
(48, '146333691111', 'Love Vita Madiana ', 23, 'Siswa', 'ee11cbb19052e40b07aac0ca060c23ee'),
(49, '146343692111', 'Ludvia Cahyaning Putri ', 23, 'Siswa', 'ee11cbb19052e40b07aac0ca060c23ee'),
(50, '146353693111', 'Mala Nur Annazam ', 23, 'Siswa', 'ee11cbb19052e40b07aac0ca060c23ee'),
(51, '146363694111', 'Maya Camellia ', 23, 'Siswa', 'ee11cbb19052e40b07aac0ca060c23ee'),
(52, '146373695111', 'Mega Yulanda Kartika Sari ', 23, 'Siswa', 'ee11cbb19052e40b07aac0ca060c23ee'),
(53, '146383696111', 'Meiza Putri ', 23, 'Siswa', 'ee11cbb19052e40b07aac0ca060c23ee'),
(54, '146393697111', 'Melinda Fidia Kusuma Putri ', 23, 'Siswa', 'ee11cbb19052e40b07aac0ca060c23ee'),
(55, '146403698111', 'Meri Andicha Saiful Nanda ', 23, 'Siswa', 'ee11cbb19052e40b07aac0ca060c23ee'),
(56, '146413699111', 'Mila Nur Hafifah ', 23, 'Siswa', 'ee11cbb19052e40b07aac0ca060c23ee'),
(57, '146423700111', 'Moh. Ariyanto ', 23, 'Siswa', 'ee11cbb19052e40b07aac0ca060c23ee'),
(58, '146433701111', 'Mohammad Fias ', 23, 'Siswa', 'ee11cbb19052e40b07aac0ca060c23ee'),
(59, '146443702111', 'Mohammad Rifki Hamdani ', 23, 'Siswa', 'ee11cbb19052e40b07aac0ca060c23ee'),
(60, '146453703111', 'Muhamad Rico Zimah ', 23, 'Siswa', 'ee11cbb19052e40b07aac0ca060c23ee'),
(61, '146463704111', 'Muhammad Gilang Ramadhan ', 23, 'Siswa', 'ee11cbb19052e40b07aac0ca060c23ee'),
(62, '146473705111', 'Muhammad Ihda Mahendra ', 23, 'Siswa', 'ee11cbb19052e40b07aac0ca060c23ee'),
(63, '146483706111', 'Muhammad Maulana Rizqi', 23, 'Siswa', 'ee11cbb19052e40b07aac0ca060c23ee'),
(64, '146493707111', 'Muhammad Sulton Ibnu Aulia Adhan', 23, 'Siswa', 'ee11cbb19052e40b07aac0ca060c23ee'),
(65, '146503708111', 'Muhammad Vicky Chaniago ', 23, 'Siswa', 'ee11cbb19052e40b07aac0ca060c23ee'),
(66, '146513709111', 'Nadia Elsa Nafira ', 23, 'Siswa', 'ee11cbb19052e40b07aac0ca060c23ee'),
(67, '146523710111', 'Nafa Izatul Jannah ', 23, 'Siswa', 'ee11cbb19052e40b07aac0ca060c23ee'),
(68, '146533711111', 'Nafisah Febrianti Alhana ', 23, 'Siswa', 'ee11cbb19052e40b07aac0ca060c23ee'),
(69, '146543712111', 'Nanda Putri Arista ', 23, 'Siswa', 'ee11cbb19052e40b07aac0ca060c23ee'),
(70, '146553713111', 'Nindi Setyo Ningsih ', 23, 'Siswa', 'ee11cbb19052e40b07aac0ca060c23ee'),
(71, '146563714111', 'Norliana ', 23, 'Siswa', 'ee11cbb19052e40b07aac0ca060c23ee'),
(72, '146573715111', 'Novi Lailatur Nur A ', 23, 'Siswa', 'ee11cbb19052e40b07aac0ca060c23ee'),
(73, '146583716111', 'Nur Azizah ', 24, 'Siswa', 'ee11cbb19052e40b07aac0ca060c23ee'),
(74, '146593717111', 'Nur Jannah ', 24, 'Siswa', 'ee11cbb19052e40b07aac0ca060c23ee'),
(75, '146603718111', 'Nur Putri Ramadanti ', 24, 'Siswa', 'ee11cbb19052e40b07aac0ca060c23ee'),
(76, '146613719111', 'Nuril Hoirifah ', 24, 'Siswa', 'ee11cbb19052e40b07aac0ca060c23ee'),
(77, '146623720111', 'Rangga Dwi Putra Akbar Rafael ', 24, 'Siswa', 'ee11cbb19052e40b07aac0ca060c23ee'),
(78, '146633721111', 'Restia ', 24, 'Siswa', 'ee11cbb19052e40b07aac0ca060c23ee'),
(79, '146643722111', 'Rifa Faniyah ', 24, 'Siswa', 'ee11cbb19052e40b07aac0ca060c23ee'),
(80, '146653723111', 'Riki Anggara', 24, 'Siswa', 'ee11cbb19052e40b07aac0ca060c23ee'),
(81, '146663724111', 'Rio Fernanda Putra ', 24, 'Siswa', 'ee11cbb19052e40b07aac0ca060c23ee'),
(82, '146673725111', 'Rossa Febrianti ', 24, 'Siswa', 'ee11cbb19052e40b07aac0ca060c23ee'),
(83, '146683726111', 'Safira Cahaya Putri ', 24, 'Siswa', 'ee11cbb19052e40b07aac0ca060c23ee'),
(84, '146693727111', 'Sahnaz Nur Rahmah ', 24, 'Siswa', 'ee11cbb19052e40b07aac0ca060c23ee'),
(85, '146703728111', 'Salma Karunia Ababil ', 24, 'Siswa', 'ee11cbb19052e40b07aac0ca060c23ee'),
(86, '146713729111', 'Salma Nafisa Azkiya ', 24, 'Siswa', 'ee11cbb19052e40b07aac0ca060c23ee'),
(87, '146723730111', 'Sandi Nur Prastyo ', 24, 'Siswa', 'ee11cbb19052e40b07aac0ca060c23ee'),
(88, '146733731111', 'Sansan Desi Susanti ', 24, 'Siswa', 'ee11cbb19052e40b07aac0ca060c23ee'),
(89, '146743732111', 'Satria Bintang Putra Akbar ', 24, 'Siswa', 'ee11cbb19052e40b07aac0ca060c23ee'),
(90, '146753733111', 'Shinta Wulan Pratikno ', 24, 'Siswa', 'ee11cbb19052e40b07aac0ca060c23ee'),
(91, '146763734111', 'Sifaur Rohmah ', 24, 'Siswa', 'ee11cbb19052e40b07aac0ca060c23ee'),
(92, '146773735111', 'Silvia Ica Mulyaningsih ', 24, 'Siswa', 'ee11cbb19052e40b07aac0ca060c23ee'),
(93, '146783736111', 'Siti Nur Aisyah', 24, 'Siswa', 'ee11cbb19052e40b07aac0ca060c23ee'),
(94, '146793737111', 'Sri Ardita Dwi Fajjrih Nur Samsiyah', 24, 'Siswa', 'ee11cbb19052e40b07aac0ca060c23ee'),
(95, '146803738111', 'Sri Wahyuningsih ', 24, 'Siswa', 'ee11cbb19052e40b07aac0ca060c23ee'),
(96, '146813739111', 'Titik Indah Susanti ', 24, 'Siswa', 'ee11cbb19052e40b07aac0ca060c23ee'),
(97, '146823740111', 'Tria Wardani ', 24, 'Siswa', 'ee11cbb19052e40b07aac0ca060c23ee'),
(98, '146833741111', 'Trilia Warta Ningsih ', 24, 'Siswa', 'ee11cbb19052e40b07aac0ca060c23ee'),
(99, '146843742111', 'Trya Amilya ', 24, 'Siswa', 'ee11cbb19052e40b07aac0ca060c23ee'),
(100, '146853743111', 'Ulfatul Hasanah ', 24, 'Siswa', 'ee11cbb19052e40b07aac0ca060c23ee'),
(101, '146863744111', 'Varrel Eka Saputra ', 24, 'Siswa', 'ee11cbb19052e40b07aac0ca060c23ee'),
(102, '146873745111', 'Verlinda Eka Rahayuni Putri ', 24, 'Siswa', 'ee11cbb19052e40b07aac0ca060c23ee'),
(103, '146883746111', 'Vika Wulandari ', 24, 'Siswa', 'ee11cbb19052e40b07aac0ca060c23ee'),
(104, '146893747111', 'Vinza Amarin Faradila', 24, 'Siswa', 'ee11cbb19052e40b07aac0ca060c23ee'),
(105, '146903748111', 'Virinda Nadiva Fitri ', 24, 'Siswa', 'ee11cbb19052e40b07aac0ca060c23ee'),
(106, '146913749111', 'Wahyu Bagas Oktavian ', 24, 'Siswa', 'ee11cbb19052e40b07aac0ca060c23ee'),
(107, '146923750111', 'Waroh Nur Laili Wulandari ', 24, 'Siswa', 'ee11cbb19052e40b07aac0ca060c23ee'),
(108, '146933751111', 'Wilda Moholaduh ', 24, 'Siswa', 'ee11cbb19052e40b07aac0ca060c23ee'),
(109, '143341397108', 'Aang Fadlillah Qudsi ', 31, 'Siswa', 'ee11cbb19052e40b07aac0ca060c23ee'),
(110, '143351398108', 'Abd. Malik Ibrahim Ramadhani ', 31, 'Siswa', 'ee11cbb19052e40b07aac0ca060c23ee'),
(111, '143361399108', 'Adam Malik ', 31, 'Siswa', 'ee11cbb19052e40b07aac0ca060c23ee'),
(112, '143371400108', 'Adetia Pitaloka ', 31, 'Siswa', 'ee11cbb19052e40b07aac0ca060c23ee'),
(113, '143381401108', 'Adi Suryanto', 31, 'Siswa', 'ee11cbb19052e40b07aac0ca060c23ee'),
(114, '143391402108', 'Aditya Nanda Putra ', 31, 'Siswa', 'ee11cbb19052e40b07aac0ca060c23ee'),
(115, '143401403108', 'Ahmad Deny Adiansyah ', 31, 'Siswa', 'ee11cbb19052e40b07aac0ca060c23ee'),
(116, '143411404108', 'Ahmad Fitra Rijal ', 31, 'Siswa', 'ee11cbb19052e40b07aac0ca060c23ee'),
(117, '143421405108', 'Ahmad Haijul Sahadatullah ', 31, 'Siswa', 'ee11cbb19052e40b07aac0ca060c23ee'),
(118, '143431406108', 'Ahmad Husaini ', 31, 'Siswa', 'ee11cbb19052e40b07aac0ca060c23ee'),
(119, '143441407108', 'Ahmad Ilham ', 31, 'Siswa', 'ee11cbb19052e40b07aac0ca060c23ee'),
(120, '143451408108', 'Ahmad Jauhari ', 31, 'Siswa', 'ee11cbb19052e40b07aac0ca060c23ee'),
(121, '143461409108', 'Ahmad Reza Kurniawan ', 31, 'Siswa', 'ee11cbb19052e40b07aac0ca060c23ee'),
(122, '143471410108', 'Ahmad Roviki ', 31, 'Siswa', 'ee11cbb19052e40b07aac0ca060c23ee'),
(123, '143481411108', 'Alfin Bayruni', 31, 'Siswa', 'ee11cbb19052e40b07aac0ca060c23ee'),
(124, '143491412108', 'Alviatus Sa\'Diyah ', 31, 'Siswa', 'ee11cbb19052e40b07aac0ca060c23ee'),
(125, '143501413108', 'Alvionita Putri Senja Nazila ', 31, 'Siswa', 'ee11cbb19052e40b07aac0ca060c23ee'),
(126, '143511414108', 'Amelia Febriyanti ', 31, 'Siswa', 'ee11cbb19052e40b07aac0ca060c23ee'),
(127, '143521415108', 'Ananda Safira Romadoni ', 31, 'Siswa', 'ee11cbb19052e40b07aac0ca060c23ee'),
(128, '143531416108', 'Andin Aulia Lestari ', 31, 'Siswa', 'ee11cbb19052e40b07aac0ca060c23ee'),
(129, '143541417108', 'Andre Agustian Prayogo ', 31, 'Siswa', 'ee11cbb19052e40b07aac0ca060c23ee'),
(130, '143551418108', 'Andreyansah ', 31, 'Siswa', 'ee11cbb19052e40b07aac0ca060c23ee'),
(131, '143561419108', 'Anis Fitria ', 31, 'Siswa', 'ee11cbb19052e40b07aac0ca060c23ee'),
(132, '143571420108', 'Anton Nurwijaya ', 31, 'Siswa', 'ee11cbb19052e40b07aac0ca060c23ee'),
(133, '143581421108', 'Ardian Syah ', 31, 'Siswa', 'ee11cbb19052e40b07aac0ca060c23ee'),
(134, '143591422108', 'Arif Rama Maulana', 31, 'Siswa', 'ee11cbb19052e40b07aac0ca060c23ee'),
(135, '143601423108', 'Arman Maulana ', 31, 'Siswa', 'ee11cbb19052e40b07aac0ca060c23ee'),
(136, '143611424108', 'Aslam Ferdiansyah ', 31, 'Siswa', 'ee11cbb19052e40b07aac0ca060c23ee'),
(137, '143621425108', 'Ayunda Ika Maghfiroh ', 31, 'Siswa', 'ee11cbb19052e40b07aac0ca060c23ee'),
(138, '143631426108', 'Beninditya Gimnastyar Al Kautsar', 31, 'Siswa', 'ee11cbb19052e40b07aac0ca060c23ee'),
(139, '143641427108', 'Berliana Sapta Zinta', 31, 'Siswa', 'ee11cbb19052e40b07aac0ca060c23ee'),
(140, '143651428108', 'Bimo Heaven Excellency ', 31, 'Siswa', 'ee11cbb19052e40b07aac0ca060c23ee'),
(141, '143661429108', 'Budi Purnomo', 31, 'Siswa', 'ee11cbb19052e40b07aac0ca060c23ee'),
(142, '143671430108', 'Danil Firman Saputra ', 31, 'Siswa', 'ee11cbb19052e40b07aac0ca060c23ee'),
(143, '143681431108', 'David Bringgo ', 31, 'Siswa', 'ee11cbb19052e40b07aac0ca060c23ee'),
(144, '143691432108', 'Decfiro Nawawi Alan Syah ', 31, 'Siswa', 'ee11cbb19052e40b07aac0ca060c23ee'),
(145, '143701433108', 'Deni Rahmatullah ', 32, 'Siswa', 'ee11cbb19052e40b07aac0ca060c23ee'),
(146, '143711434108', 'Devi Kurnia Mandasari ', 32, 'Siswa', 'ee11cbb19052e40b07aac0ca060c23ee'),
(147, '143721435108', 'Devira Damayanti ', 32, 'Siswa', 'ee11cbb19052e40b07aac0ca060c23ee'),
(148, '143731436108', 'Dewa Hermansyah', 32, 'Siswa', 'ee11cbb19052e40b07aac0ca060c23ee'),
(149, '143741437108', 'Dian Nofita Abidin ', 32, 'Siswa', 'ee11cbb19052e40b07aac0ca060c23ee'),
(150, '143751438108', 'Dicky Wahyudi ', 32, 'Siswa', 'ee11cbb19052e40b07aac0ca060c23ee'),
(151, '143761439108', 'Dwi Aprilia ', 32, 'Siswa', 'ee11cbb19052e40b07aac0ca060c23ee'),
(152, '143771440108', 'Eka Prasetyo ', 32, 'Siswa', 'ee11cbb19052e40b07aac0ca060c23ee'),
(153, '143781441108', 'Eki Dias Widianto ', 32, 'Siswa', 'ee11cbb19052e40b07aac0ca060c23ee'),
(154, '143791442108', 'Eky Sri Wulandari ', 32, 'Siswa', 'ee11cbb19052e40b07aac0ca060c23ee'),
(155, '143801443108', 'Eva Yuliana', 32, 'Siswa', 'ee11cbb19052e40b07aac0ca060c23ee'),
(156, '143811444108', 'Faiqotul Adawiyah ', 32, 'Siswa', 'ee11cbb19052e40b07aac0ca060c23ee'),
(157, '143821445108', 'Faridatul Islamia ', 32, 'Siswa', 'ee11cbb19052e40b07aac0ca060c23ee'),
(158, '143831446108', 'Ficha Indira Rismayanti ', 32, 'Siswa', 'ee11cbb19052e40b07aac0ca060c23ee'),
(159, '143841447108', 'Fiqi Ilham Maulana ', 32, 'Siswa', 'ee11cbb19052e40b07aac0ca060c23ee'),
(160, '143851448108', 'Fitria Nur Aini ', 32, 'Siswa', 'ee11cbb19052e40b07aac0ca060c23ee'),
(161, '143861449108', 'Hadi Pratama Yudha ', 32, 'Siswa', 'ee11cbb19052e40b07aac0ca060c23ee'),
(162, '143871450108', 'Hafid Ali Musafir ', 32, 'Siswa', 'ee11cbb19052e40b07aac0ca060c23ee'),
(163, '143881451108', 'Hermanto ', 32, 'Siswa', 'ee11cbb19052e40b07aac0ca060c23ee'),
(164, '143891452108', 'Icha Indah Puspita Sari ', 32, 'Siswa', 'ee11cbb19052e40b07aac0ca060c23ee'),
(165, '143901453108', 'Ika Dian Ulandari ', 32, 'Siswa', 'ee11cbb19052e40b07aac0ca060c23ee'),
(166, '143911454108', 'Indri Dwi Febi Wulandari ', 32, 'Siswa', 'ee11cbb19052e40b07aac0ca060c23ee'),
(167, '143921455108', 'Indri Wulandari ', 32, 'Siswa', 'ee11cbb19052e40b07aac0ca060c23ee'),
(168, '143931456108', 'Intan Yuliana ', 32, 'Siswa', 'ee11cbb19052e40b07aac0ca060c23ee'),
(169, '143941457108', 'Kelvin Ferdianto ', 32, 'Siswa', 'ee11cbb19052e40b07aac0ca060c23ee'),
(170, '143951458108', 'Laila ', 32, 'Siswa', 'ee11cbb19052e40b07aac0ca060c23ee'),
(171, '143961459108', 'Laila Rabiatul Hasanah ', 32, 'Siswa', 'ee11cbb19052e40b07aac0ca060c23ee'),
(172, '143971460108', 'Latifa ', 32, 'Siswa', 'ee11cbb19052e40b07aac0ca060c23ee'),
(173, '143981461108', 'Leni Solehah ', 32, 'Siswa', 'ee11cbb19052e40b07aac0ca060c23ee'),
(174, '143991462108', 'Lia Supriani', 32, 'Siswa', 'ee11cbb19052e40b07aac0ca060c23ee'),
(175, '144001463108', 'Lina Dwi Indriani ', 32, 'Siswa', 'ee11cbb19052e40b07aac0ca060c23ee'),
(176, '144011464108', 'M.Fendi Setiawan ', 32, 'Siswa', 'ee11cbb19052e40b07aac0ca060c23ee'),
(177, '144021465108', 'M.Nazil Mubarok ', 32, 'Siswa', 'ee11cbb19052e40b07aac0ca060c23ee'),
(178, '144031466108', 'Maisyaroh', 32, 'Siswa', 'ee11cbb19052e40b07aac0ca060c23ee'),
(179, '144041467108', 'Marcell Idam Eka Prasetia ', 32, 'Siswa', 'ee11cbb19052e40b07aac0ca060c23ee'),
(180, '144051468108', 'Maulana Ishaq ', 32, 'Siswa', 'ee11cbb19052e40b07aac0ca060c23ee'),
(181, '144061469108', 'Maulidatul Firdausi', 33, 'Siswa', 'ee11cbb19052e40b07aac0ca060c23ee'),
(182, '144071470108', 'Maulidatul Munawaroh ', 33, 'Siswa', 'ee11cbb19052e40b07aac0ca060c23ee'),
(183, '144081471108', 'Meri Ismi Maulida ', 33, 'Siswa', 'ee11cbb19052e40b07aac0ca060c23ee'),
(184, '144091472108', 'Mila Rian Anggraeni ', 33, 'Siswa', 'ee11cbb19052e40b07aac0ca060c23ee'),
(185, '144101473108', 'Milia Putri ', 33, 'Siswa', 'ee11cbb19052e40b07aac0ca060c23ee'),
(186, '144111474108', 'Moch. Ali Ridho ', 33, 'Siswa', 'ee11cbb19052e40b07aac0ca060c23ee'),
(187, '144121475108', 'Moch. As\'Ad Saeri ', 33, 'Siswa', 'ee11cbb19052e40b07aac0ca060c23ee'),
(188, '144131476108', 'Moch. Febri Candra ', 33, 'Siswa', 'ee11cbb19052e40b07aac0ca060c23ee'),
(189, '144141477108', 'Moch. Soleh Ardianto', 33, 'Siswa', 'ee11cbb19052e40b07aac0ca060c23ee'),
(190, '144151478108', 'Moch.Faisol ', 33, 'Siswa', 'ee11cbb19052e40b07aac0ca060c23ee'),
(191, '144161479108', 'Moh. Andriansah ', 33, 'Siswa', 'ee11cbb19052e40b07aac0ca060c23ee'),
(192, '144171480108', 'Moh. Habibur Rohman ', 33, 'Siswa', 'ee11cbb19052e40b07aac0ca060c23ee'),
(193, '144181481108', 'Moh. Niko Dwi Saputra Ah. ', 33, 'Siswa', 'ee11cbb19052e40b07aac0ca060c23ee'),
(194, '144191482108', 'Moh. Rifki Hidayad ', 33, 'Siswa', 'ee11cbb19052e40b07aac0ca060c23ee'),
(195, '144201483108', 'Moh. Rifki Maulana ', 33, 'Siswa', 'ee11cbb19052e40b07aac0ca060c23ee'),
(196, '144211484108', 'Moh. Rizki Saputra ', 33, 'Siswa', 'ee11cbb19052e40b07aac0ca060c23ee'),
(197, '144221485108', 'Moh. Yuzril Ihza Mahendra ', 33, 'Siswa', 'ee11cbb19052e40b07aac0ca060c23ee'),
(198, '144231486108', 'Mohammad Efendi ', 33, 'Siswa', 'ee11cbb19052e40b07aac0ca060c23ee'),
(199, '144241487108', 'Mohammad Ha\'Is Akhsan Ramadani ', 33, 'Siswa', 'ee11cbb19052e40b07aac0ca060c23ee'),
(200, '144251488108', 'Mohammad Solihin ', 33, 'Siswa', 'ee11cbb19052e40b07aac0ca060c23ee'),
(201, '144261489108', 'Mohammat Ridwan ', 33, 'Siswa', 'ee11cbb19052e40b07aac0ca060c23ee'),
(202, '144271490108', 'Muh. Ifantoro ', 33, 'Siswa', 'ee11cbb19052e40b07aac0ca060c23ee'),
(203, '144281491108', 'Muhamad Rizki Maulana ', 33, 'Siswa', 'ee11cbb19052e40b07aac0ca060c23ee'),
(204, '144291492108', 'Muhammad Bilal Riqki Rizkulah ', 33, 'Siswa', 'ee11cbb19052e40b07aac0ca060c23ee'),
(205, '144301493108', 'Muhammad Dicky Kurniawan ', 33, 'Siswa', 'ee11cbb19052e40b07aac0ca060c23ee'),
(206, '144311494108', 'Muhammad Ferdiansyah ', 33, 'Siswa', 'ee11cbb19052e40b07aac0ca060c23ee'),
(207, '144321495108', 'Muhammad Gufron ', 33, 'Siswa', 'ee11cbb19052e40b07aac0ca060c23ee'),
(208, '144331496108', 'Muhammad Risyal Rs ', 33, 'Siswa', 'ee11cbb19052e40b07aac0ca060c23ee'),
(209, '144341497108', 'Nabila Fauziyah ', 33, 'Siswa', 'ee11cbb19052e40b07aac0ca060c23ee'),
(210, '144351498108', 'Naufal Hashif Wicaksono ', 33, 'Siswa', 'ee11cbb19052e40b07aac0ca060c23ee'),
(211, '144361499108', 'Nindita Agustin ', 33, 'Siswa', 'ee11cbb19052e40b07aac0ca060c23ee'),
(212, '144371500108', 'Nindita Amelia Ayundasari ', 33, 'Siswa', 'ee11cbb19052e40b07aac0ca060c23ee'),
(213, '144381501108', 'Nirmala Kafa Nurazizah ', 33, 'Siswa', 'ee11cbb19052e40b07aac0ca060c23ee'),
(214, '144391502108', 'Novi Anggraeni ', 33, 'Siswa', 'ee11cbb19052e40b07aac0ca060c23ee'),
(215, '144401503108', 'Nur Fadilah Rofiatun Hasanah ', 33, 'Siswa', 'ee11cbb19052e40b07aac0ca060c23ee'),
(216, '144411504108', 'Nurhidiyah ', 33, 'Siswa', 'ee11cbb19052e40b07aac0ca060c23ee'),
(217, '144421505108', 'Nuriyadi Pramono ', 34, 'Siswa', 'ee11cbb19052e40b07aac0ca060c23ee'),
(218, '144431506108', 'Nurul Huda ', 34, 'Siswa', 'ee11cbb19052e40b07aac0ca060c23ee'),
(219, '144441507108', 'Ogland Ahzarul Ashar ', 34, 'Siswa', 'ee11cbb19052e40b07aac0ca060c23ee'),
(220, '144451508108', 'Oktavia Ramadhani ', 34, 'Siswa', 'ee11cbb19052e40b07aac0ca060c23ee'),
(221, '144461509108', 'Oktavia Safitri ', 34, 'Siswa', 'ee11cbb19052e40b07aac0ca060c23ee'),
(222, '144471510108', 'Olivia ', 34, 'Siswa', 'ee11cbb19052e40b07aac0ca060c23ee'),
(223, '144481511108', 'Pujawati ', 34, 'Siswa', 'ee11cbb19052e40b07aac0ca060c23ee'),
(224, '144491512108', 'Putri Ayu Ramadani ', 34, 'Siswa', 'ee11cbb19052e40b07aac0ca060c23ee'),
(225, '144501513108', 'Rahmat Hidayat ', 34, 'Siswa', 'ee11cbb19052e40b07aac0ca060c23ee'),
(226, '144511514108', 'Rainal Aqil Fanani ', 34, 'Siswa', 'ee11cbb19052e40b07aac0ca060c23ee'),
(227, '144521515108', 'Refiaka Fansya Rizki ', 34, 'Siswa', 'ee11cbb19052e40b07aac0ca060c23ee'),
(228, '144531516108', 'Ribut Adi Pangestu ', 34, 'Siswa', 'ee11cbb19052e40b07aac0ca060c23ee'),
(229, '144541517108', 'Rodia Natalia ', 34, 'Siswa', 'ee11cbb19052e40b07aac0ca060c23ee'),
(230, '144551518108', 'Rohmad Romadon ', 34, 'Siswa', 'ee11cbb19052e40b07aac0ca060c23ee'),
(231, '144561519108', 'Roy Coki Wibowo ', 34, 'Siswa', 'ee11cbb19052e40b07aac0ca060c23ee'),
(232, '144571520108', 'Safinatun Najah', 34, 'Siswa', 'ee11cbb19052e40b07aac0ca060c23ee'),
(233, '144581521108', 'Sahida ', 34, 'Siswa', 'ee11cbb19052e40b07aac0ca060c23ee'),
(234, '144591522108', 'Samhuri ', 34, 'Siswa', 'ee11cbb19052e40b07aac0ca060c23ee'),
(235, '144601523108', 'Santi Nurma Yunita ', 34, 'Siswa', 'ee11cbb19052e40b07aac0ca060c23ee'),
(236, '144611524108', 'Santi Risa Rosida ', 34, 'Siswa', 'ee11cbb19052e40b07aac0ca060c23ee'),
(237, '144621525108', 'Shelly Yuniawan ', 34, 'Siswa', 'ee11cbb19052e40b07aac0ca060c23ee'),
(238, '144631526108', 'Sindy Eka Aulia Putri ', 34, 'Siswa', 'ee11cbb19052e40b07aac0ca060c23ee'),
(239, '144641527108', 'Siti Arfia Finasti ', 34, 'Siswa', 'ee11cbb19052e40b07aac0ca060c23ee'),
(240, '144651528108', 'Siti Azizah', 34, 'Siswa', 'ee11cbb19052e40b07aac0ca060c23ee'),
(241, '144661529108', 'Siti Fatimatuz Zahro ', 34, 'Siswa', 'ee11cbb19052e40b07aac0ca060c23ee'),
(242, '144671530108', 'Siti Kholifatul Aminah ', 34, 'Siswa', 'ee11cbb19052e40b07aac0ca060c23ee'),
(243, '144681531108', 'Siti Rodiatul Qiptia', 34, 'Siswa', 'ee11cbb19052e40b07aac0ca060c23ee'),
(244, '144691532108', 'Siti Rodiatul Qiptia', 34, 'Siswa', 'ee11cbb19052e40b07aac0ca060c23ee'),
(245, '144701533108', 'Syafiudin ', 34, 'Siswa', 'ee11cbb19052e40b07aac0ca060c23ee'),
(246, '144711534108', 'Taufik Maulana Hidayat ', 34, 'Siswa', 'ee11cbb19052e40b07aac0ca060c23ee'),
(247, '144721535108', 'Tri Maulana Jaya ', 34, 'Siswa', 'ee11cbb19052e40b07aac0ca060c23ee'),
(248, '144731536108', 'Verdi Andriansyah ', 34, 'Siswa', 'ee11cbb19052e40b07aac0ca060c23ee'),
(249, '144741537108', 'Vina Panduwinata ', 34, 'Siswa', 'ee11cbb19052e40b07aac0ca060c23ee'),
(250, '144751538108', 'Wildan Akbar ', 34, 'Siswa', 'ee11cbb19052e40b07aac0ca060c23ee'),
(251, '144761539108', 'Zainal Abidin ', 34, 'Siswa', 'ee11cbb19052e40b07aac0ca060c23ee'),
(252, '144771540108', 'Zindar Mujiburrohman', 34, 'Siswa', 'ee11cbb19052e40b07aac0ca060c23ee'),
(253, '14262428067', 'Abdul Halim ', 7, 'Siswa', 'ee11cbb19052e40b07aac0ca060c23ee'),
(254, '14263429067', 'Achmad Fatoni ', 7, 'Siswa', 'ee11cbb19052e40b07aac0ca060c23ee'),
(255, '14264430067', 'Achmad Rofi\'I ', 7, 'Siswa', 'ee11cbb19052e40b07aac0ca060c23ee'),
(256, '14265431067', 'Aditya Nugraha ', 7, 'Siswa', 'ee11cbb19052e40b07aac0ca060c23ee'),
(257, '14266432067', 'Afwan Maulana Hadi ', 7, 'Siswa', 'ee11cbb19052e40b07aac0ca060c23ee'),
(258, '14267433067', 'Agus Ahmad Khoiri ', 7, 'Siswa', 'ee11cbb19052e40b07aac0ca060c23ee'),
(259, '14268434067', 'Ahmad Rendi Wagianto ', 7, 'Siswa', 'ee11cbb19052e40b07aac0ca060c23ee'),
(260, '14269435067', 'Ahmad Sahrul Riski', 7, 'Siswa', 'ee11cbb19052e40b07aac0ca060c23ee'),
(261, '14270436067', 'Akhmad Farhan ', 7, 'Siswa', 'ee11cbb19052e40b07aac0ca060c23ee'),
(262, '14271437067', 'Andre Kurniawan ', 7, 'Siswa', 'ee11cbb19052e40b07aac0ca060c23ee'),
(263, '14272438067', 'Andy Achmad Firmansyah ', 7, 'Siswa', 'ee11cbb19052e40b07aac0ca060c23ee'),
(264, '14273439067', 'Azis Kristiyas ', 7, 'Siswa', 'ee11cbb19052e40b07aac0ca060c23ee'),
(265, '14274440067', 'Bayu Armanda', 7, 'Siswa', 'ee11cbb19052e40b07aac0ca060c23ee'),
(266, '14275441067', 'Berliane Maulidia Alya Anggraeni ', 7, 'Siswa', 'ee11cbb19052e40b07aac0ca060c23ee'),
(267, '14276442067', 'Bismantaka ', 7, 'Siswa', 'ee11cbb19052e40b07aac0ca060c23ee'),
(268, '14277443067', 'Caesa Kusuma Ningsih ', 7, 'Siswa', 'ee11cbb19052e40b07aac0ca060c23ee'),
(269, '14278444067', 'Dhea Farah Diansyah ', 7, 'Siswa', 'ee11cbb19052e40b07aac0ca060c23ee'),
(270, '14279445067', 'Dimas', 7, 'Siswa', 'ee11cbb19052e40b07aac0ca060c23ee'),
(271, '14280446067', 'Dimas Andrean Soedarmo ', 7, 'Siswa', 'ee11cbb19052e40b07aac0ca060c23ee'),
(272, '14281447067', 'Dwi Erlinda Vara Diva ', 7, 'Siswa', 'ee11cbb19052e40b07aac0ca060c23ee'),
(273, '14282448067', 'Dyah Puspita Sari ', 7, 'Siswa', 'ee11cbb19052e40b07aac0ca060c23ee'),
(274, '14283449067', 'Fathur Rifki ', 7, 'Siswa', 'ee11cbb19052e40b07aac0ca060c23ee'),
(275, '14284450067', 'Feiryanto Restu Saputra ', 7, 'Siswa', 'ee11cbb19052e40b07aac0ca060c23ee'),
(276, '14285451067', 'Fendi Purwanto ', 7, 'Siswa', 'ee11cbb19052e40b07aac0ca060c23ee'),
(277, '14286452067', 'Fidatur Rohmah ', 7, 'Siswa', 'ee11cbb19052e40b07aac0ca060c23ee'),
(278, '14287453067', 'Gaya Kiki Nuryana ', 7, 'Siswa', 'ee11cbb19052e40b07aac0ca060c23ee'),
(279, '14288454067', 'Hendra Yuda Pratama ', 7, 'Siswa', 'ee11cbb19052e40b07aac0ca060c23ee'),
(280, '14289455067', 'Ikadex Firdizona ', 7, 'Siswa', 'ee11cbb19052e40b07aac0ca060c23ee'),
(281, '14290456067', 'Ilfa Maya Sova ', 7, 'Siswa', 'ee11cbb19052e40b07aac0ca060c23ee'),
(282, '14291457067', 'Ilham Jaya Kusuma ', 7, 'Siswa', 'ee11cbb19052e40b07aac0ca060c23ee'),
(283, '14292458067', 'Imam Hidayatullah ', 7, 'Siswa', 'ee11cbb19052e40b07aac0ca060c23ee'),
(284, '14293459067', 'Intan Fadilatul Laili ', 7, 'Siswa', 'ee11cbb19052e40b07aac0ca060c23ee'),
(285, '14294460067', 'Jun Ummul Hasanah ', 7, 'Siswa', 'ee11cbb19052e40b07aac0ca060c23ee'),
(286, '14295461067', 'Kemas Haqiqan Finasri ', 7, 'Siswa', 'ee11cbb19052e40b07aac0ca060c23ee'),
(287, '14296462067', 'Lusiana Dewi ', 7, 'Siswa', 'ee11cbb19052e40b07aac0ca060c23ee'),
(288, '14297463067', 'M Ilham Maulana', 7, 'Siswa', 'ee11cbb19052e40b07aac0ca060c23ee'),
(289, '14298464067', 'M.Yogi Anggara Putra ', 8, 'Siswa', 'ee11cbb19052e40b07aac0ca060c23ee'),
(290, '14299465067', 'Marcelino ', 8, 'Siswa', 'ee11cbb19052e40b07aac0ca060c23ee'),
(291, '14300466067', 'Maulyna Alivia Vivah ', 8, 'Siswa', 'ee11cbb19052e40b07aac0ca060c23ee'),
(292, '14301467067', 'Melinda El Dasandy ', 8, 'Siswa', 'ee11cbb19052e40b07aac0ca060c23ee'),
(293, '14302468067', 'Moh Luky Ramadhani ', 8, 'Siswa', 'ee11cbb19052e40b07aac0ca060c23ee'),
(294, '14303469067', 'Moh. Umar Faruk', 8, 'Siswa', 'ee11cbb19052e40b07aac0ca060c23ee'),
(295, '14304470067', 'Mohammad Robby Zailani Noor ', 8, 'Siswa', 'ee11cbb19052e40b07aac0ca060c23ee'),
(296, '14305471067', 'Muhamat Hafet Efendi ', 8, 'Siswa', 'ee11cbb19052e40b07aac0ca060c23ee'),
(297, '14306472067', 'Muhammad Abdulloh Al Faqih ', 8, 'Siswa', 'ee11cbb19052e40b07aac0ca060c23ee'),
(298, '14307473067', 'Muhammad Alfin Ni\'Am ', 8, 'Siswa', 'ee11cbb19052e40b07aac0ca060c23ee'),
(299, '14308474067', 'Muhammad Fahrur Rozi ', 8, 'Siswa', 'ee11cbb19052e40b07aac0ca060c23ee'),
(300, '14309475067', 'Muhammad Hefdillah ', 8, 'Siswa', 'ee11cbb19052e40b07aac0ca060c23ee'),
(301, '14310476067', 'Muhammad Ridwan Hakiki', 8, 'Siswa', 'ee11cbb19052e40b07aac0ca060c23ee'),
(302, '14311477067', 'Muhammad Rizky Firmansyah ', 8, 'Siswa', 'ee11cbb19052e40b07aac0ca060c23ee'),
(303, '14312478067', 'Muhammad Sukri Hamdani ', 8, 'Siswa', 'ee11cbb19052e40b07aac0ca060c23ee'),
(304, '14313479067', 'Nadifa Suci Ramadhani ', 8, 'Siswa', 'ee11cbb19052e40b07aac0ca060c23ee'),
(305, '14314480067', 'Rahmadina Zakiyatul Hikmah ', 8, 'Siswa', 'ee11cbb19052e40b07aac0ca060c23ee'),
(306, '14315481067', 'Regiant Destriano ', 8, 'Siswa', 'ee11cbb19052e40b07aac0ca060c23ee'),
(307, '14316482067', 'Regita Sajarotul Hasanah ', 8, 'Siswa', 'ee11cbb19052e40b07aac0ca060c23ee'),
(308, '14317483067', 'Rendy Ramadhani ', 8, 'Siswa', 'ee11cbb19052e40b07aac0ca060c23ee'),
(309, '14318484067', 'Resti Afidatul Mariana ', 8, 'Siswa', 'ee11cbb19052e40b07aac0ca060c23ee'),
(310, '14319485067', 'Rian Mohammad Sholeh ', 8, 'Siswa', 'ee11cbb19052e40b07aac0ca060c23ee'),
(311, '14320486067', 'Ribut Santoso ', 8, 'Siswa', 'ee11cbb19052e40b07aac0ca060c23ee'),
(312, '14321487067', 'Ridho Ilhamsyah ', 8, 'Siswa', 'ee11cbb19052e40b07aac0ca060c23ee'),
(313, '14322488067', 'Rindi Antika Zuliana ', 8, 'Siswa', 'ee11cbb19052e40b07aac0ca060c23ee'),
(314, '14323489067', 'Ririn Andriyani ', 8, 'Siswa', 'ee11cbb19052e40b07aac0ca060c23ee'),
(315, '14324490067', 'Sandi Al Akhyakul Karimatu ', 8, 'Siswa', 'ee11cbb19052e40b07aac0ca060c23ee'),
(316, '14325491067', 'Sartika Putri Maiduri ', 8, 'Siswa', 'ee11cbb19052e40b07aac0ca060c23ee'),
(317, '14326492067', 'Siti Nur Hasanah ', 8, 'Siswa', 'ee11cbb19052e40b07aac0ca060c23ee'),
(318, '14327493067', 'Syakina Nadia Syalsyabilaila ', 8, 'Siswa', 'ee11cbb19052e40b07aac0ca060c23ee'),
(319, '14328494067', 'Tio Prasetyo ', 8, 'Siswa', 'ee11cbb19052e40b07aac0ca060c23ee'),
(320, '14329495067', 'Ugik Rizki Dwi Pria Atmaja', 8, 'Siswa', 'ee11cbb19052e40b07aac0ca060c23ee'),
(321, '14330496067', 'Ummu Zaenia ', 8, 'Siswa', 'ee11cbb19052e40b07aac0ca060c23ee'),
(322, '14331497067', 'Wigi Prasetyo ', 8, 'Siswa', 'ee11cbb19052e40b07aac0ca060c23ee'),
(323, '14332498067', 'Yesi Monica ', 8, 'Siswa', 'ee11cbb19052e40b07aac0ca060c23ee'),
(324, '14333499067', 'Zilva Indy Fahrezi ', 8, 'Siswa', 'ee11cbb19052e40b07aac0ca060c23ee'),
(325, '144781327110', 'Achmad Sidiq ', 13, 'Siswa', 'ee11cbb19052e40b07aac0ca060c23ee'),
(326, '144791328110', 'Adhi Luhur Prasetyo ', 13, 'Siswa', 'ee11cbb19052e40b07aac0ca060c23ee'),
(327, '144801329110', 'Adril Akbar ', 13, 'Siswa', 'ee11cbb19052e40b07aac0ca060c23ee'),
(328, '144811330110', 'Ahmad Zaky Mustofa ', 13, 'Siswa', 'ee11cbb19052e40b07aac0ca060c23ee'),
(329, '144821331110', 'Aida Kusuma Dewi ', 13, 'Siswa', 'ee11cbb19052e40b07aac0ca060c23ee'),
(330, '144831332110', 'Aidhatus Shoimah ', 13, 'Siswa', 'ee11cbb19052e40b07aac0ca060c23ee'),
(331, '144841333110', 'Aisyatur Rohma ', 13, 'Siswa', 'ee11cbb19052e40b07aac0ca060c23ee'),
(332, '144851334110', 'Aldi', 13, 'Siswa', 'ee11cbb19052e40b07aac0ca060c23ee'),
(333, '144861335110', 'Alin Oktavia Nurhafizah ', 13, 'Siswa', 'ee11cbb19052e40b07aac0ca060c23ee'),
(334, '144871336110', 'Ambar Wati ', 13, 'Siswa', 'ee11cbb19052e40b07aac0ca060c23ee'),
(335, '144881337110', 'Amelia Rahmadani ', 13, 'Siswa', 'ee11cbb19052e40b07aac0ca060c23ee'),
(336, '144891338110', 'Ane Ira Meilani Putri ', 13, 'Siswa', 'ee11cbb19052e40b07aac0ca060c23ee'),
(337, '144901339110', 'Anggun Putri Wahyuni ', 13, 'Siswa', 'ee11cbb19052e40b07aac0ca060c23ee'),
(338, '144911340110', 'Anindya Aurel F. ', 13, 'Siswa', 'ee11cbb19052e40b07aac0ca060c23ee'),
(339, '144921341110', 'Anis Dwi Agustin ', 13, 'Siswa', 'ee11cbb19052e40b07aac0ca060c23ee'),
(340, '144931342110', 'Aril Rozikin Pamungkas ', 13, 'Siswa', 'ee11cbb19052e40b07aac0ca060c23ee'),
(341, '144941343110', 'Artika Setyaningrum ', 13, 'Siswa', 'ee11cbb19052e40b07aac0ca060c23ee'),
(342, '144951344110', 'Asmitha Saqila Putri ', 13, 'Siswa', 'ee11cbb19052e40b07aac0ca060c23ee'),
(343, '144961345110', 'Aula Izzatul Ainniyyah ', 13, 'Siswa', 'ee11cbb19052e40b07aac0ca060c23ee'),
(344, '144971346110', 'Auliyah Nurul Jannah ', 13, 'Siswa', 'ee11cbb19052e40b07aac0ca060c23ee'),
(345, '144981347110', 'Bagus Nur Rizkianto ', 13, 'Siswa', 'ee11cbb19052e40b07aac0ca060c23ee'),
(346, '144991348110', 'Camelia Fitri ', 13, 'Siswa', 'ee11cbb19052e40b07aac0ca060c23ee'),
(347, '145001349110', 'Desi Pusfitasari ', 13, 'Siswa', 'ee11cbb19052e40b07aac0ca060c23ee'),
(348, '145011350110', 'Dewi Ayunda Sari ', 13, 'Siswa', 'ee11cbb19052e40b07aac0ca060c23ee'),
(349, '145021351110', 'Dewi Hikmatul Nabila ', 13, 'Siswa', 'ee11cbb19052e40b07aac0ca060c23ee'),
(350, '145031352110', 'Dhea Syahputri Wulandari ', 13, 'Siswa', 'ee11cbb19052e40b07aac0ca060c23ee'),
(351, '145041353110', 'Dian Arief Fitra ', 13, 'Siswa', 'ee11cbb19052e40b07aac0ca060c23ee'),
(352, '145051354110', 'Dina Acrissila Yovanda ', 13, 'Siswa', 'ee11cbb19052e40b07aac0ca060c23ee'),
(353, '145061355110', 'Dina Fitria', 13, 'Siswa', 'ee11cbb19052e40b07aac0ca060c23ee'),
(354, '145071356110', 'Dina Novitasari ', 13, 'Siswa', 'ee11cbb19052e40b07aac0ca060c23ee'),
(355, '145081357110', 'Dini Nurul Ardhillah ', 13, 'Siswa', 'ee11cbb19052e40b07aac0ca060c23ee'),
(356, '145091358110', 'Ditha Rahma Nabila ', 13, 'Siswa', 'ee11cbb19052e40b07aac0ca060c23ee'),
(357, '145101359110', 'Dwi Himmatul Aliyah ', 13, 'Siswa', 'ee11cbb19052e40b07aac0ca060c23ee'),
(358, '145111360110', 'Dwi Indri Munawaroh ', 13, 'Siswa', 'ee11cbb19052e40b07aac0ca060c23ee'),
(359, '145121361110', 'Dwi Novita Rahmawati ', 13, 'Siswa', 'ee11cbb19052e40b07aac0ca060c23ee'),
(360, '145131362110', 'Ega Ariansyah ', 13, 'Siswa', 'ee11cbb19052e40b07aac0ca060c23ee'),
(361, '145141363110', 'Eka Dewi Astutiningsih ', 14, 'Siswa', 'ee11cbb19052e40b07aac0ca060c23ee'),
(362, '145151364110', 'Eliyana Warisman ', 14, 'Siswa', 'ee11cbb19052e40b07aac0ca060c23ee'),
(363, '145161365110', 'Elsa Arta Mevia ', 14, 'Siswa', 'ee11cbb19052e40b07aac0ca060c23ee'),
(364, '145171366110', 'Fahmilia Sahirra ', 14, 'Siswa', 'ee11cbb19052e40b07aac0ca060c23ee'),
(365, '145181367110', 'Fajar Fahrian ', 14, 'Siswa', 'ee11cbb19052e40b07aac0ca060c23ee'),
(366, '145191368110', 'Fariza Charisma Sari ', 14, 'Siswa', 'ee11cbb19052e40b07aac0ca060c23ee'),
(367, '145201369110', 'Fiki Wahyudi', 14, 'Siswa', 'ee11cbb19052e40b07aac0ca060c23ee'),
(368, '145211370110', 'Firda ', 14, 'Siswa', 'ee11cbb19052e40b07aac0ca060c23ee'),
(369, '145221371110', 'Firda Dwi Sebti Legiyanti ', 14, 'Siswa', 'ee11cbb19052e40b07aac0ca060c23ee'),
(370, '145231372110', 'Fitria Nuraini ', 14, 'Siswa', 'ee11cbb19052e40b07aac0ca060c23ee'),
(371, '145241373110', 'Flora Putri Ayu Lestari ', 14, 'Siswa', 'ee11cbb19052e40b07aac0ca060c23ee'),
(372, '145251374110', 'Gieska Rahmawati ', 14, 'Siswa', 'ee11cbb19052e40b07aac0ca060c23ee'),
(373, '145261375110', 'Grazia Silva ', 14, 'Siswa', 'ee11cbb19052e40b07aac0ca060c23ee'),
(374, '145271376110', 'Hana Nur Agustin ', 14, 'Siswa', 'ee11cbb19052e40b07aac0ca060c23ee'),
(375, '145281377110', 'Hilda Eil Liana ', 14, 'Siswa', 'ee11cbb19052e40b07aac0ca060c23ee'),
(376, '145291378110', 'Ica Nur Anva ', 14, 'Siswa', 'ee11cbb19052e40b07aac0ca060c23ee'),
(377, '145301379110', 'Ika Firdayanty Ulandari ', 14, 'Siswa', 'ee11cbb19052e40b07aac0ca060c23ee'),
(378, '145311380110', 'Ike Nurjanah ', 14, 'Siswa', 'ee11cbb19052e40b07aac0ca060c23ee'),
(379, '145321381110', 'Indri Dyah Pancawati ', 14, 'Siswa', 'ee11cbb19052e40b07aac0ca060c23ee'),
(380, '145331382110', 'Ines Oktavia Romadhona', 14, 'Siswa', 'ee11cbb19052e40b07aac0ca060c23ee'),
(381, '145341383110', 'Ira Safira ', 14, 'Siswa', 'ee11cbb19052e40b07aac0ca060c23ee'),
(382, '145351384110', 'Isnaini Komariatus Sholehah ', 14, 'Siswa', 'ee11cbb19052e40b07aac0ca060c23ee'),
(383, '145361385110', 'Jefri Danuarta ', 14, 'Siswa', 'ee11cbb19052e40b07aac0ca060c23ee'),
(384, '145371386110', 'Karin Nanda Amelia Febrianti ', 14, 'Siswa', 'ee11cbb19052e40b07aac0ca060c23ee'),
(385, '145381387110', 'Khusnul Khotimah ', 14, 'Siswa', 'ee11cbb19052e40b07aac0ca060c23ee'),
(386, '145391388110', 'Kiara Latifah Sari ', 14, 'Siswa', 'ee11cbb19052e40b07aac0ca060c23ee'),
(387, '145401389110', 'Laelatul Hasanah', 14, 'Siswa', 'ee11cbb19052e40b07aac0ca060c23ee'),
(388, '145411390110', 'Laila Alfia Rohma ', 14, 'Siswa', 'ee11cbb19052e40b07aac0ca060c23ee'),
(389, '145421391110', 'Mahmudi Hamzah ', 14, 'Siswa', 'ee11cbb19052e40b07aac0ca060c23ee'),
(390, '145431392110', 'Meidyna Musfiani ', 14, 'Siswa', 'ee11cbb19052e40b07aac0ca060c23ee'),
(391, '145441393110', 'Muhammad Hasanuddin', 14, 'Siswa', 'ee11cbb19052e40b07aac0ca060c23ee'),
(392, '145451394110', 'Muhammad Noval Andrean', 14, 'Siswa', 'ee11cbb19052e40b07aac0ca060c23ee'),
(393, '145461395110', 'Muhammad Ridzky Yusuf ', 14, 'Siswa', 'ee11cbb19052e40b07aac0ca060c23ee'),
(394, '145471396110', 'Mujayanah ', 14, 'Siswa', 'ee11cbb19052e40b07aac0ca060c23ee'),
(395, '145481397110', 'Nadia Allia Khurunisa ', 14, 'Siswa', 'ee11cbb19052e40b07aac0ca060c23ee'),
(396, '145491398110', 'Naila Fitria Shasi ', 14, 'Siswa', 'ee11cbb19052e40b07aac0ca060c23ee'),
(397, '145501399110', 'Nailisatul Amanah ', 15, 'Siswa', 'ee11cbb19052e40b07aac0ca060c23ee'),
(398, '145511400110', 'Nazaroh Siti Aisah ', 15, 'Siswa', 'ee11cbb19052e40b07aac0ca060c23ee'),
(399, '145521401110', 'Noviana Qoirun Nisa ', 15, 'Siswa', 'ee11cbb19052e40b07aac0ca060c23ee'),
(400, '145531402110', 'Novitasari ', 15, 'Siswa', 'ee11cbb19052e40b07aac0ca060c23ee'),
(401, '145541403110', 'Nur Azizah ', 15, 'Siswa', 'ee11cbb19052e40b07aac0ca060c23ee'),
(402, '145551404110', 'Nur Fadilatul Ummah ', 15, 'Siswa', 'ee11cbb19052e40b07aac0ca060c23ee'),
(403, '145561405110', 'Nurlaila ', 15, 'Siswa', 'ee11cbb19052e40b07aac0ca060c23ee'),
(404, '145571406110', 'Rahullah ', 15, 'Siswa', 'ee11cbb19052e40b07aac0ca060c23ee'),
(405, '145581407110', 'Rangga Gimnastiar ', 15, 'Siswa', 'ee11cbb19052e40b07aac0ca060c23ee'),
(406, '145591408110', 'Rashinta Devi Astari ', 15, 'Siswa', 'ee11cbb19052e40b07aac0ca060c23ee'),
(407, '145601409110', 'Resalsa Dwi Regina ', 15, 'Siswa', 'ee11cbb19052e40b07aac0ca060c23ee'),
(408, '145611410110', 'Resti Eli Susantri ', 15, 'Siswa', 'ee11cbb19052e40b07aac0ca060c23ee'),
(409, '145621411110', 'Rifaatul Mahmudah ', 15, 'Siswa', 'ee11cbb19052e40b07aac0ca060c23ee'),
(410, '145631412110', 'Rifal Aditya Pratama ', 15, 'Siswa', 'ee11cbb19052e40b07aac0ca060c23ee'),
(411, '145641413110', 'Rindita Junianti ', 15, 'Siswa', 'ee11cbb19052e40b07aac0ca060c23ee'),
(412, '145651414110', 'Riska Dewi Refiana ', 15, 'Siswa', 'ee11cbb19052e40b07aac0ca060c23ee'),
(413, '145661415110', 'Ruri Juliantika ', 15, 'Siswa', 'ee11cbb19052e40b07aac0ca060c23ee'),
(414, '145671416110', 'Safira Eka Putri Rohmania ', 15, 'Siswa', 'ee11cbb19052e40b07aac0ca060c23ee'),
(415, '145681417110', 'Selly Tri Amanda ', 15, 'Siswa', 'ee11cbb19052e40b07aac0ca060c23ee'),
(416, '145691418110', 'Septiana Puspita Sari ', 15, 'Siswa', 'ee11cbb19052e40b07aac0ca060c23ee'),
(417, '145701419110', 'Serli Puji Lestari ', 15, 'Siswa', 'ee11cbb19052e40b07aac0ca060c23ee'),
(418, '145711420110', 'Shelvia Alief Kurniawan', 15, 'Siswa', 'ee11cbb19052e40b07aac0ca060c23ee'),
(419, '145721421110', 'Silvina Zakiah ', 15, 'Siswa', 'ee11cbb19052e40b07aac0ca060c23ee'),
(420, '145731422110', 'Siti Ismatus Zahro ', 15, 'Siswa', 'ee11cbb19052e40b07aac0ca060c23ee'),
(421, '145741423110', 'Siti Rohma ', 15, 'Siswa', 'ee11cbb19052e40b07aac0ca060c23ee'),
(422, '145751424110', 'Sovia Delta Sari ', 15, 'Siswa', 'ee11cbb19052e40b07aac0ca060c23ee'),
(423, '145761425110', 'Suci Qurrota Aeni', 15, 'Siswa', 'ee11cbb19052e40b07aac0ca060c23ee'),
(424, '145771426110', 'Suhartini', 15, 'Siswa', 'ee11cbb19052e40b07aac0ca060c23ee'),
(425, '145781427110', 'Sulistyani Agnes Ramadhani ', 15, 'Siswa', 'ee11cbb19052e40b07aac0ca060c23ee'),
(426, '145791428110', 'Talitha Rafa Fausiyah ', 15, 'Siswa', 'ee11cbb19052e40b07aac0ca060c23ee'),
(427, '145801429110', 'Vicky Zenis Dewi Puspita ', 15, 'Siswa', 'ee11cbb19052e40b07aac0ca060c23ee'),
(428, '145811430110', 'Widya Ayu Puspita Sari', 15, 'Siswa', 'ee11cbb19052e40b07aac0ca060c23ee'),
(429, '145821431110', 'Winas Permata Dhewi ', 15, 'Siswa', 'ee11cbb19052e40b07aac0ca060c23ee'),
(430, '145831432110', 'Yen Yen Lina Ernawati ', 15, 'Siswa', 'ee11cbb19052e40b07aac0ca060c23ee'),
(431, '145841433110', 'Yuvita Cahyani ', 15, 'Siswa', 'ee11cbb19052e40b07aac0ca060c23ee'),
(432, '145851434110', 'Zahro Maulida ', 15, 'Siswa', 'ee11cbb19052e40b07aac0ca060c23ee'),
(433, '141901031065', 'Achmad Al Farizi ', 1, 'Siswa', 'ee11cbb19052e40b07aac0ca060c23ee'),
(434, '141911032065', 'Adhitya Maulana Putra ', 1, 'Siswa', 'ee11cbb19052e40b07aac0ca060c23ee'),
(435, '141921033065', 'Ahmad Farizky ', 1, 'Siswa', 'ee11cbb19052e40b07aac0ca060c23ee'),
(436, '141931034065', 'Ahmad Mussofi', 1, 'Siswa', 'ee11cbb19052e40b07aac0ca060c23ee'),
(437, '141941035065', 'Akyan Sabita ', 1, 'Siswa', 'ee11cbb19052e40b07aac0ca060c23ee'),
(438, '141951036065', 'Aldi Darma Saputra ', 1, 'Siswa', 'ee11cbb19052e40b07aac0ca060c23ee'),
(439, '141961037065', 'Amelia Fernanda N.S ', 1, 'Siswa', 'ee11cbb19052e40b07aac0ca060c23ee'),
(440, '141971038065', 'Angga Ari Saputra ', 1, 'Siswa', 'ee11cbb19052e40b07aac0ca060c23ee'),
(441, '141981039065', 'Anindia Tri Masyita ', 1, 'Siswa', 'ee11cbb19052e40b07aac0ca060c23ee'),
(442, '141991040065', 'Aura Zahwa Amelia ', 1, 'Siswa', 'ee11cbb19052e40b07aac0ca060c23ee'),
(443, '142001041065', 'Bagus Edi Wibowo ', 1, 'Siswa', 'ee11cbb19052e40b07aac0ca060c23ee'),
(444, '142011042065', 'Bima Aditia', 1, 'Siswa', 'ee11cbb19052e40b07aac0ca060c23ee'),
(445, '142021043065', 'Cindy Diva Suryani ', 1, 'Siswa', 'ee11cbb19052e40b07aac0ca060c23ee'),
(446, '142031044065', 'Cindy Eka Aulia ', 1, 'Siswa', 'ee11cbb19052e40b07aac0ca060c23ee'),
(447, '142041045065', 'Deni Febriansyah ', 1, 'Siswa', 'ee11cbb19052e40b07aac0ca060c23ee'),
(448, '142051046065', 'Devano Maulana Sandi Pratama', 1, 'Siswa', 'ee11cbb19052e40b07aac0ca060c23ee'),
(449, '142061047065', 'Devi Lailatul Hoiriyah ', 1, 'Siswa', 'ee11cbb19052e40b07aac0ca060c23ee'),
(450, '142071048065', 'Diah Galuh Permata ', 1, 'Siswa', 'ee11cbb19052e40b07aac0ca060c23ee'),
(451, '142081049065', 'Dicky Hendrawan ', 1, 'Siswa', 'ee11cbb19052e40b07aac0ca060c23ee'),
(452, '142091050065', 'Diki Dani Setyawan ', 1, 'Siswa', 'ee11cbb19052e40b07aac0ca060c23ee'),
(453, '142101051065', 'Dwitiya Yuri Wulandari ', 1, 'Siswa', 'ee11cbb19052e40b07aac0ca060c23ee'),
(454, '142111052065', 'Egi Dwi Purnomo ', 1, 'Siswa', 'ee11cbb19052e40b07aac0ca060c23ee'),
(455, '142121053065', 'Evi Puji Lestari ', 1, 'Siswa', 'ee11cbb19052e40b07aac0ca060c23ee'),
(456, '142131054065', 'Fahril Andriyan ', 1, 'Siswa', 'ee11cbb19052e40b07aac0ca060c23ee'),
(457, '142141055065', 'Faiqoh Dwi Hasriyati ', 1, 'Siswa', 'ee11cbb19052e40b07aac0ca060c23ee'),
(458, '142151056065', 'Fajriyah Firnanda Masruroh ', 1, 'Siswa', 'ee11cbb19052e40b07aac0ca060c23ee'),
(459, '142161057065', 'Farhan Faturrohman ', 1, 'Siswa', 'ee11cbb19052e40b07aac0ca060c23ee'),
(460, '142171058065', 'Firdaus Waridil Wishal ', 1, 'Siswa', 'ee11cbb19052e40b07aac0ca060c23ee'),
(461, '142181059065', 'Flora Ernawati ', 1, 'Siswa', 'ee11cbb19052e40b07aac0ca060c23ee'),
(462, '142191060065', 'Galung Lintang Pradana ', 1, 'Siswa', 'ee11cbb19052e40b07aac0ca060c23ee'),
(463, '142201061065', 'Hani Marsyarani ', 1, 'Siswa', 'ee11cbb19052e40b07aac0ca060c23ee'),
(464, '142211062065', 'Helen Dwi Hapsari ', 1, 'Siswa', 'ee11cbb19052e40b07aac0ca060c23ee'),
(465, '142221063065', 'Hidayat Nurhamzah ', 1, 'Siswa', 'ee11cbb19052e40b07aac0ca060c23ee'),
(466, '142231064065', 'Hilmiatus Soleha', 1, 'Siswa', 'ee11cbb19052e40b07aac0ca060c23ee'),
(467, '142241065065', 'Hulaimi Hizbul Wathon', 1, 'Siswa', 'ee11cbb19052e40b07aac0ca060c23ee'),
(468, '142251066065', 'Indana Lazulfa Najib', 1, 'Siswa', 'ee11cbb19052e40b07aac0ca060c23ee'),
(469, '142261067065', 'Irfan Afini ', 2, 'Siswa', 'ee11cbb19052e40b07aac0ca060c23ee'),
(470, '142271068065', 'Jihan Aisyah Amelia', 2, 'Siswa', 'ee11cbb19052e40b07aac0ca060c23ee'),
(471, '142281069065', 'Khishlah Ja\'Far Priyanto ', 2, 'Siswa', 'ee11cbb19052e40b07aac0ca060c23ee'),
(472, '142291070065', 'Lailatul Hikmah ', 2, 'Siswa', 'ee11cbb19052e40b07aac0ca060c23ee'),
(473, '142301071065', 'Lailatul Nisa', 2, 'Siswa', 'ee11cbb19052e40b07aac0ca060c23ee'),
(474, '142311072065', 'M. Faris Setiawan', 2, 'Siswa', 'ee11cbb19052e40b07aac0ca060c23ee'),
(475, '142321073065', 'Marshelita Nur Kumala ', 2, 'Siswa', 'ee11cbb19052e40b07aac0ca060c23ee'),
(476, '142331074065', 'Melisa Febrianti ', 2, 'Siswa', 'ee11cbb19052e40b07aac0ca060c23ee'),
(477, '142341075065', 'Miftahul Maulida ', 2, 'Siswa', 'ee11cbb19052e40b07aac0ca060c23ee'),
(478, '142351076065', 'Moch. Arifin Hidayatullah ', 2, 'Siswa', 'ee11cbb19052e40b07aac0ca060c23ee'),
(479, '142361077065', 'Moch. Ferdi Ardiansyah ', 2, 'Siswa', 'ee11cbb19052e40b07aac0ca060c23ee'),
(480, '142371078065', 'Moch. Hikmal Adinanta', 2, 'Siswa', 'ee11cbb19052e40b07aac0ca060c23ee'),
(481, '142381079065', 'Moh. Rizal ', 2, 'Siswa', 'ee11cbb19052e40b07aac0ca060c23ee'),
(482, '142391080065', 'Moh. Safek Efendi ', 2, 'Siswa', 'ee11cbb19052e40b07aac0ca060c23ee'),
(483, '142401081065', 'Moh. Wage Sapta Kusuma', 2, 'Siswa', 'ee11cbb19052e40b07aac0ca060c23ee'),
(484, '142411082065', 'Mohammad Aimmar Ramadhan ', 2, 'Siswa', 'ee11cbb19052e40b07aac0ca060c23ee'),
(485, '142421083065', 'Mohammad Ilham Alas\'Ad ', 2, 'Siswa', 'ee11cbb19052e40b07aac0ca060c23ee'),
(486, '142431084065', 'Muhamad Abdul Rohim ', 2, 'Siswa', 'ee11cbb19052e40b07aac0ca060c23ee'),
(487, '142441085065', 'Muhammad Zidane Julian Saputra ', 2, 'Siswa', 'ee11cbb19052e40b07aac0ca060c23ee'),
(488, '142451086065', 'Musaadah ', 2, 'Siswa', 'ee11cbb19052e40b07aac0ca060c23ee'),
(489, '142461087065', 'Nando ', 2, 'Siswa', 'ee11cbb19052e40b07aac0ca060c23ee'),
(490, '142471088065', 'Noviana ', 2, 'Siswa', 'ee11cbb19052e40b07aac0ca060c23ee'),
(491, '142481089065', 'Putri Pratama Holila ', 2, 'Siswa', 'ee11cbb19052e40b07aac0ca060c23ee'),
(492, '142491090065', 'Rendi Pranata', 2, 'Siswa', 'ee11cbb19052e40b07aac0ca060c23ee'),
(493, '142501091065', 'Renza Arta Chandra Bagus Santoso ', 2, 'Siswa', 'ee11cbb19052e40b07aac0ca060c23ee'),
(494, '142511092065', 'Riska Amelia Putri ', 2, 'Siswa', 'ee11cbb19052e40b07aac0ca060c23ee'),
(495, '142521093065', 'Riska Rismawati', 2, 'Siswa', 'ee11cbb19052e40b07aac0ca060c23ee'),
(496, '142531094065', 'Rizal Marhaenanda ', 2, 'Siswa', 'ee11cbb19052e40b07aac0ca060c23ee'),
(497, '142541095065', 'Roni Ragil Santoso ', 2, 'Siswa', 'ee11cbb19052e40b07aac0ca060c23ee'),
(498, '142551096065', 'Sefti Reva Renata ', 2, 'Siswa', 'ee11cbb19052e40b07aac0ca060c23ee'),
(499, '142561097065', 'Septian Dwi Fuji Hariyanto ', 2, 'Siswa', 'ee11cbb19052e40b07aac0ca060c23ee'),
(500, '142571098065', 'Vathur Rizky Firmansyah ', 2, 'Siswa', 'ee11cbb19052e40b07aac0ca060c23ee'),
(501, '142581099065', 'Vegita Damayanti', 2, 'Siswa', 'ee11cbb19052e40b07aac0ca060c23ee'),
(502, '142591100065', 'Wahyu Dwi Agustin', 2, 'Siswa', 'ee11cbb19052e40b07aac0ca060c23ee'),
(503, '142601101065', 'Wijdan Farizi Samoyo ', 2, 'Siswa', 'ee11cbb19052e40b07aac0ca060c23ee'),
(504, '142611102065', 'Wildatul Aluf ', 2, 'Siswa', 'ee11cbb19052e40b07aac0ca060c23ee'),
(512, '140803536111', 'Abdur Rokib', 25, 'Siswa', 'ee11cbb19052e40b07aac0ca060c23ee'),
(513, '140813537111', 'Abelia Mahlika', 25, 'Siswa', 'ee11cbb19052e40b07aac0ca060c23ee'),
(514, '140823538111', 'Adinda Tri Wulandari', 25, 'Siswa', 'ee11cbb19052e40b07aac0ca060c23ee'),
(515, '140833539111', 'Aditya Prabowo', 25, 'Siswa', 'ee11cbb19052e40b07aac0ca060c23ee'),
(516, '140843540111', 'Ahmad Holili Ilyas', 25, 'Siswa', 'ee11cbb19052e40b07aac0ca060c23ee'),
(517, '140853541111', 'Ainin Nurmala Eka Ramadhani', 25, 'Siswa', 'ee11cbb19052e40b07aac0ca060c23ee'),
(518, '140863542111', 'Airul Huda Pratama', 25, 'Siswa', 'ee11cbb19052e40b07aac0ca060c23ee'),
(519, '140873543111', 'Aji Safawalina Marawata', 25, 'Siswa', 'ee11cbb19052e40b07aac0ca060c23ee'),
(520, '140883544111', 'Alfia Dwi Kartika', 25, 'Siswa', 'ee11cbb19052e40b07aac0ca060c23ee'),
(521, '140893545111', 'Alif Ratna Dila', 25, 'Siswa', 'ee11cbb19052e40b07aac0ca060c23ee'),
(522, '140903546111', 'Amanda Rizki Rahmadani', 25, 'Siswa', 'ee11cbb19052e40b07aac0ca060c23ee'),
(523, '140913547111', 'Amelia Dwi Putri Wahyuni', 25, 'Siswa', 'ee11cbb19052e40b07aac0ca060c23ee'),
(524, '140923548111', 'Ananda Eka Putri Natasya', 25, 'Siswa', 'ee11cbb19052e40b07aac0ca060c23ee'),
(525, '140933549111', 'Anang Handoko', 25, 'Siswa', 'ee11cbb19052e40b07aac0ca060c23ee'),
(526, '140943550111', 'Anggi Devi Kania', 25, 'Siswa', 'ee11cbb19052e40b07aac0ca060c23ee'),
(527, '140953551111', 'Anggi Eka Cahyani', 25, 'Siswa', 'ee11cbb19052e40b07aac0ca060c23ee'),
(528, '140963552111', 'Anisa Nur Fadilah', 25, 'Siswa', 'ee11cbb19052e40b07aac0ca060c23ee'),
(529, '140973553111', 'Aprilia Novianti', 25, 'Siswa', 'ee11cbb19052e40b07aac0ca060c23ee'),
(530, '140983554111', 'Arini Fariha', 25, 'Siswa', 'ee11cbb19052e40b07aac0ca060c23ee'),
(531, '140993555111', 'Ayu Fatima', 25, 'Siswa', 'ee11cbb19052e40b07aac0ca060c23ee'),
(532, '141003556111', 'Ayu Fitria', 25, 'Siswa', 'ee11cbb19052e40b07aac0ca060c23ee'),
(533, '141013557111', 'Desi Wulandari', 25, 'Siswa', 'ee11cbb19052e40b07aac0ca060c23ee'),
(534, '141023558111', 'Deswinta Eka Maharani', 25, 'Siswa', 'ee11cbb19052e40b07aac0ca060c23ee'),
(535, '141033559111', 'Dewi Aristiani', 25, 'Siswa', 'ee11cbb19052e40b07aac0ca060c23ee'),
(536, '141043560111', 'Diah Anggraeni', 25, 'Siswa', 'ee11cbb19052e40b07aac0ca060c23ee'),
(537, '141053561111', 'Diki Ardiansyah', 25, 'Siswa', 'ee11cbb19052e40b07aac0ca060c23ee'),
(538, '141063562111', 'Dinda Wahyu Saputri', 25, 'Siswa', 'ee11cbb19052e40b07aac0ca060c23ee'),
(539, '141073563111', 'Dini Islamiyah Alkafilah', 25, 'Siswa', 'ee11cbb19052e40b07aac0ca060c23ee'),
(540, '141083564111', 'Dini Nur Octavia', 25, 'Siswa', 'ee11cbb19052e40b07aac0ca060c23ee'),
(541, '141093565111', 'Dwi Ariyanti', 25, 'Siswa', 'ee11cbb19052e40b07aac0ca060c23ee'),
(542, '141103566111', 'Dwi Intan Izza Alfiani', 25, 'Siswa', 'ee11cbb19052e40b07aac0ca060c23ee'),
(543, '141113567111', 'Eka Nuryana', 25, 'Siswa', 'ee11cbb19052e40b07aac0ca060c23ee'),
(544, '141123568111', 'Erly Trinita', 25, 'Siswa', 'ee11cbb19052e40b07aac0ca060c23ee'),
(545, '141133569111', 'Estrik Nuriandani', 25, 'Siswa', 'ee11cbb19052e40b07aac0ca060c23ee'),
(546, '141143570111', 'Fadhiya Khoirunnisak', 25, 'Siswa', 'ee11cbb19052e40b07aac0ca060c23ee'),
(547, '141153571111', 'Fadillatul Nur Azizah', 25, 'Siswa', 'ee11cbb19052e40b07aac0ca060c23ee'),
(548, '141163572111', 'Fahrur Rozi', 26, 'Siswa', 'ee11cbb19052e40b07aac0ca060c23ee'),
(549, '141173573111', 'Faiqotul Hoiriyah', 26, 'Siswa', 'ee11cbb19052e40b07aac0ca060c23ee'),
(550, '141183574111', 'Farida Fasa', 26, 'Siswa', 'ee11cbb19052e40b07aac0ca060c23ee'),
(551, '141193575111', 'Febri Yogi Muqodimah', 26, 'Siswa', 'ee11cbb19052e40b07aac0ca060c23ee');
INSERT INTO `siswa` (`id_siswa`, `nisn`, `nama`, `kelas_id`, `status`, `password`) VALUES
(552, '141203576111', 'Feni Fatika Sari', 26, 'Siswa', 'ee11cbb19052e40b07aac0ca060c23ee'),
(553, '141213577111', 'Fitri Amalia', 26, 'Siswa', 'ee11cbb19052e40b07aac0ca060c23ee'),
(554, '141223578111', 'Fitri Novolia Demas Putri', 26, 'Siswa', 'ee11cbb19052e40b07aac0ca060c23ee'),
(555, '141233579111', 'Fitria Caturwati', 26, 'Siswa', 'ee11cbb19052e40b07aac0ca060c23ee'),
(556, '141243580111', 'Hanafi', 26, 'Siswa', 'ee11cbb19052e40b07aac0ca060c23ee'),
(557, '141253581111', 'Hania Zafitri', 26, 'Siswa', 'ee11cbb19052e40b07aac0ca060c23ee'),
(558, '141263582111', 'Havila Andini Azzahro', 26, 'Siswa', 'ee11cbb19052e40b07aac0ca060c23ee'),
(559, '141273583111', 'Homsaton Widia Astutik', 26, 'Siswa', 'ee11cbb19052e40b07aac0ca060c23ee'),
(560, '141283584111', 'Hotija', 26, 'Siswa', 'ee11cbb19052e40b07aac0ca060c23ee'),
(561, '141293585111', 'Imelinda Wanda Lindi Arianti', 26, 'Siswa', 'ee11cbb19052e40b07aac0ca060c23ee'),
(562, '141303586111', 'Imellia Ambar Wati', 26, 'Siswa', 'ee11cbb19052e40b07aac0ca060c23ee'),
(563, '141313587111', 'Indah Indriani', 26, 'Siswa', 'ee11cbb19052e40b07aac0ca060c23ee'),
(564, '141323588111', 'Intan Adelia Subbiyah', 26, 'Siswa', 'ee11cbb19052e40b07aac0ca060c23ee'),
(565, '141333589111', 'Intan Berliana Hafifa', 26, 'Siswa', 'ee11cbb19052e40b07aac0ca060c23ee'),
(566, '141343590111', 'Khoiril Anam', 26, 'Siswa', 'ee11cbb19052e40b07aac0ca060c23ee'),
(567, '141353591111', 'Lailatul Fitria H', 26, 'Siswa', 'ee11cbb19052e40b07aac0ca060c23ee'),
(568, '141363592111', 'Lukman Hakim Soleh', 26, 'Siswa', 'ee11cbb19052e40b07aac0ca060c23ee'),
(569, '141373593111', 'Maimuna', 26, 'Siswa', 'ee11cbb19052e40b07aac0ca060c23ee'),
(570, '141383594111', 'Maimuna', 26, 'Siswa', 'ee11cbb19052e40b07aac0ca060c23ee'),
(571, '141393595111', 'Maylani Adima Intan Sahira', 26, 'Siswa', 'ee11cbb19052e40b07aac0ca060c23ee'),
(572, '141403596111', 'Meisya Diasningrum', 26, 'Siswa', 'ee11cbb19052e40b07aac0ca060c23ee'),
(573, '141413597111', 'Muhammad Arif Supriadi', 26, 'Siswa', 'ee11cbb19052e40b07aac0ca060c23ee'),
(574, '141423598111', 'Muhammad Sohib', 26, 'Siswa', 'ee11cbb19052e40b07aac0ca060c23ee'),
(575, '141433599111', 'Mujayanah Febrianti', 26, 'Siswa', 'ee11cbb19052e40b07aac0ca060c23ee'),
(576, '141443600111', 'Nabila Mariska', 26, 'Siswa', 'ee11cbb19052e40b07aac0ca060c23ee'),
(577, '141453601111', 'Nadila Dwi Wahyuni', 26, 'Siswa', 'ee11cbb19052e40b07aac0ca060c23ee'),
(578, '141463602111', 'Nadya Christia Adelina', 26, 'Siswa', 'ee11cbb19052e40b07aac0ca060c23ee'),
(579, '141473603111', 'Nia Sovia', 26, 'Siswa', 'ee11cbb19052e40b07aac0ca060c23ee'),
(580, '141483604111', 'Nova Cetrin Yuliana', 26, 'Siswa', 'ee11cbb19052e40b07aac0ca060c23ee'),
(581, '141493605111', 'Nur Andini Eka Safitri', 26, 'Siswa', 'ee11cbb19052e40b07aac0ca060c23ee'),
(582, '141503606111', 'Nur Anisa Rizki Aulia', 26, 'Siswa', 'ee11cbb19052e40b07aac0ca060c23ee'),
(583, '141513607111', 'Nur Azizah', 26, 'Siswa', 'ee11cbb19052e40b07aac0ca060c23ee'),
(584, '141523608111', 'Nur Azizah Wandinia Ghozali', 27, 'Siswa', 'ee11cbb19052e40b07aac0ca060c23ee'),
(585, '141533609111', 'Nur Hofifah', 27, 'Siswa', 'ee11cbb19052e40b07aac0ca060c23ee'),
(586, '141543610111', 'Nur Lailatul Hidayah', 27, 'Siswa', 'ee11cbb19052e40b07aac0ca060c23ee'),
(587, '141553611111', 'Nurita Hasanah', 27, 'Siswa', 'ee11cbb19052e40b07aac0ca060c23ee'),
(588, '141563612111', 'Nurul Sakina', 27, 'Siswa', 'ee11cbb19052e40b07aac0ca060c23ee'),
(589, '141573613111', 'Oktavia Suci Ramadhani', 27, 'Siswa', 'ee11cbb19052e40b07aac0ca060c23ee'),
(590, '141583614111', 'Oktavia Wulandari', 27, 'Siswa', 'ee11cbb19052e40b07aac0ca060c23ee'),
(591, '141593615111', 'Putri Ainur Rikza', 27, 'Siswa', 'ee11cbb19052e40b07aac0ca060c23ee'),
(592, '141603616111', 'Putri Safira Fadha', 27, 'Siswa', 'ee11cbb19052e40b07aac0ca060c23ee'),
(593, '141613617111', 'Putri Salsabila Nurimamah', 27, 'Siswa', 'ee11cbb19052e40b07aac0ca060c23ee'),
(594, '141623618111', 'Rahayu Anggraini', 27, 'Siswa', 'ee11cbb19052e40b07aac0ca060c23ee'),
(595, '141633619111', 'Ratih Ratna Dewi', 27, 'Siswa', 'ee11cbb19052e40b07aac0ca060c23ee'),
(596, '141643620111', 'Raudhotul Zannah', 27, 'Siswa', 'ee11cbb19052e40b07aac0ca060c23ee'),
(597, '141653621111', 'Riki Hidayatulloh', 27, 'Siswa', 'ee11cbb19052e40b07aac0ca060c23ee'),
(598, '141663622111', 'Rintan Lailatul Qomariah', 27, 'Siswa', 'ee11cbb19052e40b07aac0ca060c23ee'),
(599, '141673623111', 'Riski Wahyudi', 27, 'Siswa', 'ee11cbb19052e40b07aac0ca060c23ee'),
(600, '141683624111', 'Rita Rahayuningsih', 27, 'Siswa', 'ee11cbb19052e40b07aac0ca060c23ee'),
(601, '141693625111', 'Riyan Jailani Faftri', 27, 'Siswa', 'ee11cbb19052e40b07aac0ca060c23ee'),
(602, '141703626111', 'Rizka Nabillah Syaharani', 27, 'Siswa', 'ee11cbb19052e40b07aac0ca060c23ee'),
(603, '141713627111', 'Rizki Maulia', 27, 'Siswa', 'ee11cbb19052e40b07aac0ca060c23ee'),
(604, '141723628111', 'Rizqi Nurika Yuliati', 27, 'Siswa', 'ee11cbb19052e40b07aac0ca060c23ee'),
(605, '141733629111', 'Sapta Nur Hayati', 27, 'Siswa', 'ee11cbb19052e40b07aac0ca060c23ee'),
(606, '141743630111', 'Sayyidatul Zahra Presilia', 27, 'Siswa', 'ee11cbb19052e40b07aac0ca060c23ee'),
(607, '141753631111', 'Selvi Meilina', 27, 'Siswa', 'ee11cbb19052e40b07aac0ca060c23ee'),
(608, '141763632111', 'Shella Lutfiana', 27, 'Siswa', 'ee11cbb19052e40b07aac0ca060c23ee'),
(609, '141773633111', 'Shella Nurma Yunita', 27, 'Siswa', 'ee11cbb19052e40b07aac0ca060c23ee'),
(610, '141783634111', 'Silvana Meiliya Majesvingka', 27, 'Siswa', 'ee11cbb19052e40b07aac0ca060c23ee'),
(611, '141793635111', 'Siti Zulaika', 27, 'Siswa', 'ee11cbb19052e40b07aac0ca060c23ee'),
(612, '141803636111', 'Sitti Nur Aziza', 27, 'Siswa', 'ee11cbb19052e40b07aac0ca060c23ee'),
(613, '141813637111', 'Sri Purwanti', 27, 'Siswa', 'ee11cbb19052e40b07aac0ca060c23ee'),
(614, '141823638111', 'Susmito Setyaningrum', 27, 'Siswa', 'ee11cbb19052e40b07aac0ca060c23ee'),
(615, '141833639111', 'Syafrika Meiliana Sitara', 27, 'Siswa', 'ee11cbb19052e40b07aac0ca060c23ee'),
(616, '141843640111', 'Syahnur Pingkan Nindya Eko Putri', 27, 'Siswa', 'ee11cbb19052e40b07aac0ca060c23ee'),
(617, '141853641111', 'Vernanda Chairunisa', 27, 'Siswa', 'ee11cbb19052e40b07aac0ca060c23ee'),
(618, '141863642111', 'Vita Ayu Kusuma Wardana', 27, 'Siswa', 'ee11cbb19052e40b07aac0ca060c23ee'),
(619, '141873643111', 'Yesintha Aprilia Wahyuni', 27, 'Siswa', 'ee11cbb19052e40b07aac0ca060c23ee'),
(620, '138281252108', 'A. Fita Fitri', 35, 'Siswa', 'ee11cbb19052e40b07aac0ca060c23ee'),
(621, '138291253108', 'Abdul Rozeq', 35, 'Siswa', 'ee11cbb19052e40b07aac0ca060c23ee'),
(622, '138301254108', 'Ahcmad Humaini', 35, 'Siswa', 'ee11cbb19052e40b07aac0ca060c23ee'),
(623, '138311255108', 'Ahmad Baiturrohman', 35, 'Siswa', 'ee11cbb19052e40b07aac0ca060c23ee'),
(624, '138321256108', 'Ahmad Holil Siswanto', 35, 'Siswa', 'ee11cbb19052e40b07aac0ca060c23ee'),
(625, '138331257108', 'Ahmad Imtihan', 35, 'Siswa', 'ee11cbb19052e40b07aac0ca060c23ee'),
(626, '138341258108', 'Ahmad Sifauddin', 35, 'Siswa', 'ee11cbb19052e40b07aac0ca060c23ee'),
(627, '138351259108', 'Aini Nur Badila', 35, 'Siswa', 'ee11cbb19052e40b07aac0ca060c23ee'),
(628, '138361260108', 'Ainul Astia', 35, 'Siswa', 'ee11cbb19052e40b07aac0ca060c23ee'),
(629, '138371261108', 'Ainur Roffi', 35, 'Siswa', 'ee11cbb19052e40b07aac0ca060c23ee'),
(630, '138381262108', 'Ajeng Adinda', 35, 'Siswa', 'ee11cbb19052e40b07aac0ca060c23ee'),
(631, '138391263108', 'Angga Saputra', 35, 'Siswa', 'ee11cbb19052e40b07aac0ca060c23ee'),
(632, '138401264108', 'Anton Wijaya', 35, 'Siswa', 'ee11cbb19052e40b07aac0ca060c23ee'),
(633, '138411265108', 'Anugrah Bintang Mulya', 35, 'Siswa', 'ee11cbb19052e40b07aac0ca060c23ee'),
(634, '138421266108', 'Arina Silviatur Rohima', 35, 'Siswa', 'ee11cbb19052e40b07aac0ca060c23ee'),
(635, '138431267108', 'Asih', 35, 'Siswa', 'ee11cbb19052e40b07aac0ca060c23ee'),
(636, '138441268108', 'Ayu Hesti Setia Rini', 35, 'Siswa', 'ee11cbb19052e40b07aac0ca060c23ee'),
(637, '138451269108', 'Bella Tri Andini', 35, 'Siswa', 'ee11cbb19052e40b07aac0ca060c23ee'),
(638, '138461270108', 'Bima Alif Kurniawan', 35, 'Siswa', 'ee11cbb19052e40b07aac0ca060c23ee'),
(639, '138471271108', 'Camelia Quraini', 35, 'Siswa', 'ee11cbb19052e40b07aac0ca060c23ee'),
(640, '138481272108', 'Catur Aditya Ari Syahbana', 35, 'Siswa', 'ee11cbb19052e40b07aac0ca060c23ee'),
(641, '138491273108', 'Cindy Inayatus Soleha', 35, 'Siswa', 'ee11cbb19052e40b07aac0ca060c23ee'),
(642, '138501274108', 'Cintya Kirmayanti', 35, 'Siswa', 'ee11cbb19052e40b07aac0ca060c23ee'),
(643, '138511275108', 'Della Amanda Ismaulia', 35, 'Siswa', 'ee11cbb19052e40b07aac0ca060c23ee'),
(644, '138521276108', 'Devi Fitri Nuraini', 35, 'Siswa', 'ee11cbb19052e40b07aac0ca060c23ee'),
(645, '138531277108', 'Diah Ayu Puspita', 35, 'Siswa', 'ee11cbb19052e40b07aac0ca060c23ee'),
(646, '138541278108', 'Dian Natasa', 35, 'Siswa', 'ee11cbb19052e40b07aac0ca060c23ee'),
(647, '138551279108', 'Dicky Eko Saputra', 35, 'Siswa', 'ee11cbb19052e40b07aac0ca060c23ee'),
(648, '138561280108', 'Dita Dwi Novitasari', 35, 'Siswa', 'ee11cbb19052e40b07aac0ca060c23ee'),
(649, '138571281108', 'Doni Abdullah', 35, 'Siswa', 'ee11cbb19052e40b07aac0ca060c23ee'),
(650, '138581282108', 'Dwi Ambarwati', 35, 'Siswa', 'ee11cbb19052e40b07aac0ca060c23ee'),
(651, '138591283108', 'Dwi Putri Ayun Qomariyah', 35, 'Siswa', 'ee11cbb19052e40b07aac0ca060c23ee'),
(652, '138601284108', 'Dwi Rahmawati', 35, 'Siswa', 'ee11cbb19052e40b07aac0ca060c23ee'),
(653, '138611285108', 'Eka Fitriatus Soleha', 35, 'Siswa', 'ee11cbb19052e40b07aac0ca060c23ee'),
(654, '138621286108', 'Eka Indah Januarti', 35, 'Siswa', 'ee11cbb19052e40b07aac0ca060c23ee'),
(655, '138631287108', 'Erfin Agus Aftahullah', 35, 'Siswa', 'ee11cbb19052e40b07aac0ca060c23ee'),
(656, '138641288108', 'Erra Fazira', 36, 'Siswa', 'ee11cbb19052e40b07aac0ca060c23ee'),
(657, '138651289108', 'Fadila Anggraini', 36, 'Siswa', 'ee11cbb19052e40b07aac0ca060c23ee'),
(658, '138661290108', 'Fais Adelia', 36, 'Siswa', 'ee11cbb19052e40b07aac0ca060c23ee'),
(659, '138671291108', 'Faldito Roziqin', 36, 'Siswa', 'ee11cbb19052e40b07aac0ca060c23ee'),
(660, '138681292108', 'Farah Qonita Maulidia', 36, 'Siswa', 'ee11cbb19052e40b07aac0ca060c23ee'),
(661, '138691293108', 'Febrianto', 36, 'Siswa', 'ee11cbb19052e40b07aac0ca060c23ee'),
(662, '138701294108', 'Ferdi Febriyan Sandi Putra', 36, 'Siswa', 'ee11cbb19052e40b07aac0ca060c23ee'),
(663, '138711295108', 'Feri Andani', 36, 'Siswa', 'ee11cbb19052e40b07aac0ca060c23ee'),
(664, '138721296108', 'Fitri Andayani', 36, 'Siswa', 'ee11cbb19052e40b07aac0ca060c23ee'),
(665, '138731297108', 'Fitri Novita Kumala Sari', 36, 'Siswa', 'ee11cbb19052e40b07aac0ca060c23ee'),
(666, '138741298108', 'Fredy Valentino Muhamed', 36, 'Siswa', 'ee11cbb19052e40b07aac0ca060c23ee'),
(667, '138751299108', 'Galuh Dewi Wulandari', 36, 'Siswa', 'ee11cbb19052e40b07aac0ca060c23ee'),
(668, '138761300108', 'Hari', 36, 'Siswa', 'ee11cbb19052e40b07aac0ca060c23ee'),
(669, '138771301108', 'Hasan Basri', 36, 'Siswa', 'ee11cbb19052e40b07aac0ca060c23ee'),
(670, '138781302108', 'Siti Komariah', 36, 'Siswa', 'ee11cbb19052e40b07aac0ca060c23ee'),
(671, '138791303108', 'Ika Lianawati', 36, 'Siswa', 'ee11cbb19052e40b07aac0ca060c23ee'),
(672, '138801304108', 'Ikmal Maulana', 36, 'Siswa', 'ee11cbb19052e40b07aac0ca060c23ee'),
(673, '138811305108', 'Imron Rosyadi', 36, 'Siswa', 'ee11cbb19052e40b07aac0ca060c23ee'),
(674, '138821306108', 'Indra Agung', 36, 'Siswa', 'ee11cbb19052e40b07aac0ca060c23ee'),
(675, '138831307108', 'Irawan Wibisono', 36, 'Siswa', 'ee11cbb19052e40b07aac0ca060c23ee'),
(676, '138841308108', 'Iswatun Hasanah', 36, 'Siswa', 'ee11cbb19052e40b07aac0ca060c23ee'),
(677, '138851309108', 'Jaka Laksono', 36, 'Siswa', 'ee11cbb19052e40b07aac0ca060c23ee'),
(678, '138861310108', 'Leona', 36, 'Siswa', 'ee11cbb19052e40b07aac0ca060c23ee'),
(679, '138871311108', 'M. Bisro Taufikur Rohman', 36, 'Siswa', 'ee11cbb19052e40b07aac0ca060c23ee'),
(680, '138881312108', 'M. Faid Firdaus Salam', 36, 'Siswa', 'ee11cbb19052e40b07aac0ca060c23ee'),
(681, '138891313108', 'Marsanda Karina Putri', 36, 'Siswa', 'ee11cbb19052e40b07aac0ca060c23ee'),
(682, '138901314108', 'Mega Mustika', 36, 'Siswa', 'ee11cbb19052e40b07aac0ca060c23ee'),
(683, '138911315108', 'Moch. Riski', 36, 'Siswa', 'ee11cbb19052e40b07aac0ca060c23ee'),
(684, '138921316108', 'Moh. Aditia Nurrahman', 36, 'Siswa', 'ee11cbb19052e40b07aac0ca060c23ee'),
(685, '138931317108', 'Moh. Amsubis Ridwan', 36, 'Siswa', 'ee11cbb19052e40b07aac0ca060c23ee'),
(686, '138941318108', 'Mohammad Wildanissurur', 36, 'Siswa', 'ee11cbb19052e40b07aac0ca060c23ee'),
(687, '138951319108', 'Muhammad Arif Ramadhan', 36, 'Siswa', 'ee11cbb19052e40b07aac0ca060c23ee'),
(688, '138961320108', 'Muhammad Mustofa', 36, 'Siswa', 'ee11cbb19052e40b07aac0ca060c23ee'),
(689, '138971321108', 'Muhammad Sukron', 36, 'Siswa', 'ee11cbb19052e40b07aac0ca060c23ee'),
(690, '138981322108', 'Muhammad Zainus Shifa', 36, 'Siswa', 'ee11cbb19052e40b07aac0ca060c23ee'),
(691, '138991323108', 'Muji Hartono', 36, 'Siswa', 'ee11cbb19052e40b07aac0ca060c23ee'),
(692, '139001324108', 'Nabilatul Mukarromah', 37, 'Siswa', 'ee11cbb19052e40b07aac0ca060c23ee'),
(693, '139011325108', 'Nanda Budiharjo', 37, 'Siswa', 'ee11cbb19052e40b07aac0ca060c23ee'),
(694, '139021326108', 'Novia Kartika Putri', 37, 'Siswa', 'ee11cbb19052e40b07aac0ca060c23ee'),
(695, '139031327108', 'Novitasari', 37, 'Siswa', 'ee11cbb19052e40b07aac0ca060c23ee'),
(696, '139041328108', 'Nur Alfitri', 37, 'Siswa', 'ee11cbb19052e40b07aac0ca060c23ee'),
(697, '139051329108', 'Nuril Ibadilla', 37, 'Siswa', 'ee11cbb19052e40b07aac0ca060c23ee'),
(698, '139061330108', 'Nurul Lailatus Saadah', 37, 'Siswa', 'ee11cbb19052e40b07aac0ca060c23ee'),
(699, '139071331108', 'Nuzulya Okta Devanti', 37, 'Siswa', 'ee11cbb19052e40b07aac0ca060c23ee'),
(700, '139081332108', 'Pretika Hoirul Hikmah', 37, 'Siswa', 'ee11cbb19052e40b07aac0ca060c23ee'),
(701, '139091333108', 'Puput Ramadani', 37, 'Siswa', 'ee11cbb19052e40b07aac0ca060c23ee'),
(702, '139101334108', 'Putri Ayu Kristiyani', 37, 'Siswa', 'ee11cbb19052e40b07aac0ca060c23ee'),
(703, '139111335108', 'Putri Dewi Artika', 37, 'Siswa', 'ee11cbb19052e40b07aac0ca060c23ee'),
(704, '139121336108', 'Putri Indah Sari', 37, 'Siswa', 'ee11cbb19052e40b07aac0ca060c23ee'),
(705, '139131337108', 'Putri Oktavia Eka Pratiwi', 37, 'Siswa', 'ee11cbb19052e40b07aac0ca060c23ee'),
(706, '139141338108', 'Putri Permata Sari', 37, 'Siswa', 'ee11cbb19052e40b07aac0ca060c23ee'),
(707, '139151339108', 'Putri Widya Ningrum', 37, 'Siswa', 'ee11cbb19052e40b07aac0ca060c23ee'),
(708, '139161340108', 'Rachmatia Aura Amanda', 37, 'Siswa', 'ee11cbb19052e40b07aac0ca060c23ee'),
(709, '139171341108', 'Ragil Rusdi Bahtiar', 37, 'Siswa', 'ee11cbb19052e40b07aac0ca060c23ee'),
(710, '139181342108', 'Rahma Putri Andini', 37, 'Siswa', 'ee11cbb19052e40b07aac0ca060c23ee'),
(711, '139191343108', 'Rahmad Hidayat', 37, 'Siswa', 'ee11cbb19052e40b07aac0ca060c23ee'),
(712, '139201344108', 'Rahmad Suharis', 37, 'Siswa', 'ee11cbb19052e40b07aac0ca060c23ee'),
(713, '139211345108', 'Rahmawati', 37, 'Siswa', 'ee11cbb19052e40b07aac0ca060c23ee'),
(714, '139221346108', 'Ridwan Julyanto', 37, 'Siswa', 'ee11cbb19052e40b07aac0ca060c23ee'),
(715, '139231347108', 'Ridwan Widiyanto', 37, 'Siswa', 'ee11cbb19052e40b07aac0ca060c23ee'),
(716, '139241348108', 'Rifanda Saputro Nota', 37, 'Siswa', 'ee11cbb19052e40b07aac0ca060c23ee'),
(717, '139251349108', 'Riko Susanto', 37, 'Siswa', 'ee11cbb19052e40b07aac0ca060c23ee'),
(718, '139261350108', 'Rimba Aditya Ferdiansyah', 37, 'Siswa', 'ee11cbb19052e40b07aac0ca060c23ee'),
(719, '139271351108', 'Rini Erikawati', 37, 'Siswa', 'ee11cbb19052e40b07aac0ca060c23ee'),
(720, '139281352108', 'Rio Candra Saputra', 37, 'Siswa', 'ee11cbb19052e40b07aac0ca060c23ee'),
(721, '139291353108', 'Riris Ariska', 37, 'Siswa', 'ee11cbb19052e40b07aac0ca060c23ee'),
(722, '139301354108', 'Riski Amalia Putri', 37, 'Siswa', 'ee11cbb19052e40b07aac0ca060c23ee'),
(723, '139311355108', 'Rizka Amelia Wulandari', 37, 'Siswa', 'ee11cbb19052e40b07aac0ca060c23ee'),
(724, '139321356108', 'Sabila Revi Octavia', 37, 'Siswa', 'ee11cbb19052e40b07aac0ca060c23ee'),
(725, '139331357108', 'Saiful Rizal', 37, 'Siswa', 'ee11cbb19052e40b07aac0ca060c23ee'),
(726, '139341358108', 'Salsabila Lita Oktavian', 37, 'Siswa', 'ee11cbb19052e40b07aac0ca060c23ee'),
(727, '139351359108', 'Samian', 37, 'Siswa', 'ee11cbb19052e40b07aac0ca060c23ee'),
(728, '139361360108', 'Samsul Arifin', 38, 'Siswa', 'ee11cbb19052e40b07aac0ca060c23ee'),
(729, '139371361108', 'Sasi Kirana Maharani', 38, 'Siswa', 'ee11cbb19052e40b07aac0ca060c23ee'),
(730, '139381362108', 'Septia Putri Wulandari Fianto', 38, 'Siswa', 'ee11cbb19052e40b07aac0ca060c23ee'),
(731, '139391363108', 'Serli Zelga Martha', 38, 'Siswa', 'ee11cbb19052e40b07aac0ca060c23ee'),
(732, '139401364108', 'Sholehati', 38, 'Siswa', 'ee11cbb19052e40b07aac0ca060c23ee'),
(733, '139411365108', 'Sinta Amelia', 38, 'Siswa', 'ee11cbb19052e40b07aac0ca060c23ee'),
(734, '139421366108', 'Siti Komariah', 38, 'Siswa', 'ee11cbb19052e40b07aac0ca060c23ee'),
(735, '139431367108', 'Siti Maysarah', 38, 'Siswa', 'ee11cbb19052e40b07aac0ca060c23ee'),
(736, '139441368108', 'Siti Nurhalizah', 38, 'Siswa', 'ee11cbb19052e40b07aac0ca060c23ee'),
(737, '139451369108', 'Sofi Nur Laili', 38, 'Siswa', 'ee11cbb19052e40b07aac0ca060c23ee'),
(738, '139461370108', 'Suntani', 38, 'Siswa', 'ee11cbb19052e40b07aac0ca060c23ee'),
(739, '139471371108', 'Suparlin', 38, 'Siswa', 'ee11cbb19052e40b07aac0ca060c23ee'),
(740, '139481372108', 'Susi Susanti', 38, 'Siswa', 'ee11cbb19052e40b07aac0ca060c23ee'),
(741, '139491373108', 'Syahrul Rosi', 38, 'Siswa', 'ee11cbb19052e40b07aac0ca060c23ee'),
(742, '139501374108', 'Tata Pranata', 38, 'Siswa', 'ee11cbb19052e40b07aac0ca060c23ee'),
(743, '139511375108', 'Tegar Rizal Tjandra', 38, 'Siswa', 'ee11cbb19052e40b07aac0ca060c23ee'),
(744, '139521376108', 'Ulfatun Khoiroh', 38, 'Siswa', 'ee11cbb19052e40b07aac0ca060c23ee'),
(745, '139531377108', 'Ulfatus Sakdiah', 38, 'Siswa', 'ee11cbb19052e40b07aac0ca060c23ee'),
(746, '139541378108', 'Vico Galang Ramadhan', 38, 'Siswa', 'ee11cbb19052e40b07aac0ca060c23ee'),
(747, '139551379108', 'Viko Yogi Pratama', 38, 'Siswa', 'ee11cbb19052e40b07aac0ca060c23ee'),
(748, '139561380108', 'Vikri Nurhidayah', 38, 'Siswa', 'ee11cbb19052e40b07aac0ca060c23ee'),
(749, '139571381108', 'Vina Irsadilah Fitri', 38, 'Siswa', 'ee11cbb19052e40b07aac0ca060c23ee'),
(750, '139581382108', 'Vio Rama Febriano', 38, 'Siswa', 'ee11cbb19052e40b07aac0ca060c23ee'),
(751, '139591383108', 'Vita Alviana', 38, 'Siswa', 'ee11cbb19052e40b07aac0ca060c23ee'),
(752, '139601384108', 'Wahyudi', 38, 'Siswa', 'ee11cbb19052e40b07aac0ca060c23ee'),
(753, '139611385108', 'Wardatul Jannah', 38, 'Siswa', 'ee11cbb19052e40b07aac0ca060c23ee'),
(754, '139621386108', 'Wardina Safiyyah', 38, 'Siswa', 'ee11cbb19052e40b07aac0ca060c23ee'),
(755, '139631387108', 'Wibowo Rizky', 38, 'Siswa', 'ee11cbb19052e40b07aac0ca060c23ee'),
(756, '139641388108', 'Widya Ayu Lestari', 38, 'Siswa', 'ee11cbb19052e40b07aac0ca060c23ee'),
(757, '139651389108', 'Yuda Prayitno', 38, 'Siswa', 'ee11cbb19052e40b07aac0ca060c23ee'),
(758, '139661390108', 'Yuni Nurhalimah', 38, 'Siswa', 'ee11cbb19052e40b07aac0ca060c23ee'),
(759, '139671391108', 'Yuniar Putri Liana', 38, 'Siswa', 'ee11cbb19052e40b07aac0ca060c23ee'),
(760, '139681392108', 'Yunita Dwi Puspita', 38, 'Siswa', 'ee11cbb19052e40b07aac0ca060c23ee'),
(761, '139691393108', 'Yusri Ahmadi', 38, 'Siswa', 'ee11cbb19052e40b07aac0ca060c23ee'),
(762, '139701394108', 'Zazil Khan Adeng Saputro', 38, 'Siswa', 'ee11cbb19052e40b07aac0ca060c23ee'),
(763, '139711395108', 'Zulkifli Ardiansyah', 38, 'Siswa', 'ee11cbb19052e40b07aac0ca060c23ee'),
(764, '141891396108', 'Yeus Rehwi', 38, 'Siswa', 'ee11cbb19052e40b07aac0ca060c23ee'),
(765, '13756356067', 'Aan Kusuma', 9, 'Siswa', 'ee11cbb19052e40b07aac0ca060c23ee'),
(766, '13757357067', 'Afisa Mega Putri', 9, 'Siswa', 'ee11cbb19052e40b07aac0ca060c23ee'),
(767, '13758358067', 'Ahmad Dani Winata', 9, 'Siswa', 'ee11cbb19052e40b07aac0ca060c23ee'),
(768, '13759359067', 'Ahmad Sofyan Dardiri', 9, 'Siswa', 'ee11cbb19052e40b07aac0ca060c23ee'),
(769, '13760360067', 'Ahmad Teguh Bimantoro', 9, 'Siswa', 'ee11cbb19052e40b07aac0ca060c23ee'),
(770, '13761361067', 'Akmal Muwaffaq Zaky', 9, 'Siswa', 'ee11cbb19052e40b07aac0ca060c23ee'),
(771, '13762362067', 'Alvin Royan Rizki', 9, 'Siswa', 'ee11cbb19052e40b07aac0ca060c23ee'),
(772, '13763363067', 'Alvira Dwi Pertiwi', 9, 'Siswa', 'ee11cbb19052e40b07aac0ca060c23ee'),
(773, '13764364067', 'Amelia Fahriza', 9, 'Siswa', 'ee11cbb19052e40b07aac0ca060c23ee'),
(774, '13765365067', 'Amoy Avinda', 9, 'Siswa', 'ee11cbb19052e40b07aac0ca060c23ee'),
(775, '13766366067', 'Ananda Rofik Puadi', 9, 'Siswa', 'ee11cbb19052e40b07aac0ca060c23ee'),
(776, '13767367067', 'Andika Januarta Efendi', 9, 'Siswa', 'ee11cbb19052e40b07aac0ca060c23ee'),
(777, '13768368067', 'Andre Yoga Permana', 9, 'Siswa', 'ee11cbb19052e40b07aac0ca060c23ee'),
(778, '13769369067', 'Anggi Febiana', 9, 'Siswa', 'ee11cbb19052e40b07aac0ca060c23ee'),
(779, '13770370067', 'Aprilia Dwi Gin Kinarti', 9, 'Siswa', 'ee11cbb19052e40b07aac0ca060c23ee'),
(780, '13771371067', 'Ardi Eko Prayoga', 9, 'Siswa', 'ee11cbb19052e40b07aac0ca060c23ee'),
(781, '13772372067', 'Aurelia Reyza Safitri H.', 9, 'Siswa', 'ee11cbb19052e40b07aac0ca060c23ee'),
(782, '13773373067', 'Dea Putri Amanda', 9, 'Siswa', 'ee11cbb19052e40b07aac0ca060c23ee'),
(783, '13774374067', 'Dendi', 9, 'Siswa', 'ee11cbb19052e40b07aac0ca060c23ee'),
(784, '13775375067', 'Dewi Muslimah', 9, 'Siswa', 'ee11cbb19052e40b07aac0ca060c23ee'),
(785, '13776376067', 'Dina Islamiyah Askafilah', 9, 'Siswa', 'ee11cbb19052e40b07aac0ca060c23ee'),
(786, '13777377067', 'Dio Mahendra Ardia', 9, 'Siswa', 'ee11cbb19052e40b07aac0ca060c23ee'),
(787, '13778378067', 'Durrotun Nafisah Fatahillah', 9, 'Siswa', 'ee11cbb19052e40b07aac0ca060c23ee'),
(788, '13779379067', 'Elyn Aulia Heristanti', 9, 'Siswa', 'ee11cbb19052e40b07aac0ca060c23ee'),
(789, '13780380067', 'Erna Mayangsari', 9, 'Siswa', 'ee11cbb19052e40b07aac0ca060c23ee'),
(790, '13781381067', 'Eva Yanti Puji Astutik', 9, 'Siswa', 'ee11cbb19052e40b07aac0ca060c23ee'),
(791, '13782382067', 'Fadlina Khoirun Nadiva', 9, 'Siswa', 'ee11cbb19052e40b07aac0ca060c23ee'),
(792, '13783383067', 'Fahmi Maulana Sohibul Hikam', 9, 'Siswa', 'ee11cbb19052e40b07aac0ca060c23ee'),
(793, '13784384067', 'Fajar Arifianto', 9, 'Siswa', 'ee11cbb19052e40b07aac0ca060c23ee'),
(794, '13785385067', 'Faradilan Maulida', 9, 'Siswa', 'ee11cbb19052e40b07aac0ca060c23ee'),
(795, '13786386067', 'Farid Fatul Ainiyah', 9, 'Siswa', 'ee11cbb19052e40b07aac0ca060c23ee'),
(796, '13787387067', 'Folanda Septi Velelani', 9, 'Siswa', 'ee11cbb19052e40b07aac0ca060c23ee'),
(797, '13788388067', 'Husnah Maylinda', 9, 'Siswa', 'ee11cbb19052e40b07aac0ca060c23ee'),
(798, '13789389067', 'Ike Hernawati', 9, 'Siswa', 'ee11cbb19052e40b07aac0ca060c23ee'),
(799, '13790390067', 'Lilik Maslaha', 9, 'Siswa', 'ee11cbb19052e40b07aac0ca060c23ee'),
(800, '13791391067', 'Lusya Balgist', 10, 'Siswa', 'ee11cbb19052e40b07aac0ca060c23ee'),
(801, '13792392067', 'Mahanda Arum Wardana', 10, 'Siswa', 'ee11cbb19052e40b07aac0ca060c23ee'),
(802, '13793393067', 'Miftahur Rohman', 10, 'Siswa', 'ee11cbb19052e40b07aac0ca060c23ee'),
(803, '13794394067', 'Moh. Ali Akbar Rafsanjani', 10, 'Siswa', 'ee11cbb19052e40b07aac0ca060c23ee'),
(804, '13795395067', 'Moh. Nurahman', 10, 'Siswa', 'ee11cbb19052e40b07aac0ca060c23ee'),
(805, '13796396067', 'Mohammad Rizal', 10, 'Siswa', 'ee11cbb19052e40b07aac0ca060c23ee'),
(806, '13797397067', 'Muhammad Firman', 10, 'Siswa', 'ee11cbb19052e40b07aac0ca060c23ee'),
(807, '13798398067', 'Muhammad Riski', 10, 'Siswa', 'ee11cbb19052e40b07aac0ca060c23ee'),
(808, '13799399067', 'Nadiva Nurdiana', 10, 'Siswa', 'ee11cbb19052e40b07aac0ca060c23ee'),
(809, '13800400067', 'Naufalia Cindyo Azzahra', 10, 'Siswa', 'ee11cbb19052e40b07aac0ca060c23ee'),
(810, '13801401067', 'Nazilatul Falah', 10, 'Siswa', 'ee11cbb19052e40b07aac0ca060c23ee'),
(811, '13802402067', 'Nia Sri Agustin', 10, 'Siswa', 'ee11cbb19052e40b07aac0ca060c23ee'),
(812, '13803403067', 'Nina Kharisma', 10, 'Siswa', 'ee11cbb19052e40b07aac0ca060c23ee'),
(813, '13804404067', 'Nina Safiroh', 10, 'Siswa', 'ee11cbb19052e40b07aac0ca060c23ee'),
(814, '13805405067', 'Nor Holisa', 10, 'Siswa', 'ee11cbb19052e40b07aac0ca060c23ee'),
(815, '13806406067', 'Nur Hofifah', 10, 'Siswa', 'ee11cbb19052e40b07aac0ca060c23ee'),
(816, '13807407067', 'Preswandha Armani Putranty', 10, 'Siswa', 'ee11cbb19052e40b07aac0ca060c23ee'),
(817, '13808408067', 'Putri Ariyani Oktavia', 10, 'Siswa', 'ee11cbb19052e40b07aac0ca060c23ee'),
(818, '13809409067', 'Putri Nabila Oktafiana', 10, 'Siswa', 'ee11cbb19052e40b07aac0ca060c23ee'),
(819, '13810410067', 'Reza Citra Dewi', 10, 'Siswa', 'ee11cbb19052e40b07aac0ca060c23ee'),
(820, '13811411067', 'Rico Firdiansyah', 10, 'Siswa', 'ee11cbb19052e40b07aac0ca060c23ee'),
(821, '13812412067', 'Ridwan Fauzi', 10, 'Siswa', 'ee11cbb19052e40b07aac0ca060c23ee'),
(822, '13813413067', 'Rifki Ari Pratama', 10, 'Siswa', 'ee11cbb19052e40b07aac0ca060c23ee'),
(823, '13814414067', 'Riza Salsa Bila Firdausiya', 10, 'Siswa', 'ee11cbb19052e40b07aac0ca060c23ee'),
(824, '13815415067', 'Rizka Ilyani', 10, 'Siswa', 'ee11cbb19052e40b07aac0ca060c23ee'),
(825, '13816416067', 'Rosita Dona Alfares', 10, 'Siswa', 'ee11cbb19052e40b07aac0ca060c23ee'),
(826, '13817417067', 'Septi Kurnia Dewi', 10, 'Siswa', 'ee11cbb19052e40b07aac0ca060c23ee'),
(827, '13818418067', 'Silatul Rohmah', 10, 'Siswa', 'ee11cbb19052e40b07aac0ca060c23ee'),
(828, '13819419067', 'Sugiantoro', 10, 'Siswa', 'ee11cbb19052e40b07aac0ca060c23ee'),
(829, '13820420067', 'Tasya Dwi Utari', 10, 'Siswa', 'ee11cbb19052e40b07aac0ca060c23ee'),
(830, '13821421067', 'Tyo Adi Saputra', 10, 'Siswa', 'ee11cbb19052e40b07aac0ca060c23ee'),
(831, '13822422067', 'Ulva Saputri', 10, 'Siswa', 'ee11cbb19052e40b07aac0ca060c23ee'),
(832, '13823423067', 'Usman Efendi', 10, 'Siswa', 'ee11cbb19052e40b07aac0ca060c23ee'),
(833, '13824424067', 'Vira Wulandari', 10, 'Siswa', 'ee11cbb19052e40b07aac0ca060c23ee'),
(834, '13825425067', 'Wildani Arif Firmansyah', 10, 'Siswa', 'ee11cbb19052e40b07aac0ca060c23ee'),
(835, '13826426067', 'Yoanes Advendheos Hale', 10, 'Siswa', 'ee11cbb19052e40b07aac0ca060c23ee'),
(836, '13827427067', 'Yunita Pratiwi', 10, 'Siswa', 'ee11cbb19052e40b07aac0ca060c23ee'),
(837, '139721219110', 'Ach. Falah Assidiqi Salam', 16, 'Siswa', 'ee11cbb19052e40b07aac0ca060c23ee'),
(838, '139731220110', 'Adellia Ayu Berliana Putri', 16, 'Siswa', 'ee11cbb19052e40b07aac0ca060c23ee'),
(839, '139741221110', 'Adinda Dwi Damayanti', 16, 'Siswa', 'ee11cbb19052e40b07aac0ca060c23ee'),
(840, '139751222110', 'Agil Jabralian Erlambang', 16, 'Siswa', 'ee11cbb19052e40b07aac0ca060c23ee'),
(841, '139761223110', 'Ahmad Haris Hidayat', 16, 'Siswa', 'ee11cbb19052e40b07aac0ca060c23ee'),
(842, '139771224110', 'Ahmad Jafar Sodiq', 16, 'Siswa', 'ee11cbb19052e40b07aac0ca060c23ee'),
(843, '139781225110', 'Aisyah Farah Salsabilla', 16, 'Siswa', 'ee11cbb19052e40b07aac0ca060c23ee'),
(844, '139791226110', 'Ajeng Ayunda', 16, 'Siswa', 'ee11cbb19052e40b07aac0ca060c23ee'),
(845, '139801227110', 'Alfaidatul Firdha', 16, 'Siswa', 'ee11cbb19052e40b07aac0ca060c23ee'),
(846, '139811228110', 'Ananda Aulia Putri', 16, 'Siswa', 'ee11cbb19052e40b07aac0ca060c23ee'),
(847, '139821229110', 'Ananda Durrotun Nafisah', 16, 'Siswa', 'ee11cbb19052e40b07aac0ca060c23ee'),
(848, '139831230110', 'Ananda Julia Indriawati', 16, 'Siswa', 'ee11cbb19052e40b07aac0ca060c23ee'),
(849, '139841231110', 'Aning Dewi Fatimatus Zahro', 16, 'Siswa', 'ee11cbb19052e40b07aac0ca060c23ee'),
(850, '139851232110', 'Anis Fadilah', 16, 'Siswa', 'ee11cbb19052e40b07aac0ca060c23ee'),
(851, '139861233110', 'Anis Lailatul Magfiroh', 16, 'Siswa', 'ee11cbb19052e40b07aac0ca060c23ee'),
(852, '139871234110', 'Astitania Isnahbila Rahmawati', 16, 'Siswa', 'ee11cbb19052e40b07aac0ca060c23ee'),
(853, '139881235110', 'Ayu Fitriani', 16, 'Siswa', 'ee11cbb19052e40b07aac0ca060c23ee'),
(854, '139891236110', 'Ayundatul Azizah', 16, 'Siswa', 'ee11cbb19052e40b07aac0ca060c23ee'),
(855, '139901237110', 'Azizah Maulita Arifin', 16, 'Siswa', 'ee11cbb19052e40b07aac0ca060c23ee'),
(856, '139911238110', 'Cindy Ayu Nugroho', 16, 'Siswa', 'ee11cbb19052e40b07aac0ca060c23ee'),
(857, '139921239110', 'Cindya Dwitama', 16, 'Siswa', 'ee11cbb19052e40b07aac0ca060c23ee'),
(858, '139931240110', 'Dewi Julia Fitriana', 16, 'Siswa', 'ee11cbb19052e40b07aac0ca060c23ee'),
(859, '139941241110', 'Dwi Retno Sari', 16, 'Siswa', 'ee11cbb19052e40b07aac0ca060c23ee'),
(860, '139951242110', 'Dwi Septia Herawati', 16, 'Siswa', 'ee11cbb19052e40b07aac0ca060c23ee'),
(861, '139961243110', 'Elmala Firda Sari', 16, 'Siswa', 'ee11cbb19052e40b07aac0ca060c23ee'),
(862, '139971244110', 'Elza Putri Anggraeni', 16, 'Siswa', 'ee11cbb19052e40b07aac0ca060c23ee'),
(863, '139981245110', 'Erin Agustin', 16, 'Siswa', 'ee11cbb19052e40b07aac0ca060c23ee'),
(864, '139991246110', 'Erni Oktavia', 16, 'Siswa', 'ee11cbb19052e40b07aac0ca060c23ee'),
(865, '140001247110', 'Fajar Riyanto', 16, 'Siswa', 'ee11cbb19052e40b07aac0ca060c23ee'),
(866, '140011248110', 'Fani Tia Ananda', 16, 'Siswa', 'ee11cbb19052e40b07aac0ca060c23ee'),
(867, '140021249110', 'Farida Eka Putri', 16, 'Siswa', 'ee11cbb19052e40b07aac0ca060c23ee'),
(868, '140031250110', 'Fatimatus Sadiah', 16, 'Siswa', 'ee11cbb19052e40b07aac0ca060c23ee'),
(869, '140041251110', 'Firda Nazila Fauziyah', 16, 'Siswa', 'ee11cbb19052e40b07aac0ca060c23ee'),
(870, '140051252110', 'Fitriah', 16, 'Siswa', 'ee11cbb19052e40b07aac0ca060c23ee'),
(871, '140061253110', 'Hofifah Fitriani', 16, 'Siswa', 'ee11cbb19052e40b07aac0ca060c23ee'),
(872, '140071254110', 'Ibnatuh Herviyanti Maulina', 16, 'Siswa', 'ee11cbb19052e40b07aac0ca060c23ee'),
(873, '140081255110', 'Ika Aji Dwiyanti', 17, 'Siswa', 'ee11cbb19052e40b07aac0ca060c23ee'),
(874, '140091256110', 'Ikrimah', 17, 'Siswa', 'ee11cbb19052e40b07aac0ca060c23ee'),
(875, '140101257110', 'Ima Vivi Lutfiana', 17, 'Siswa', 'ee11cbb19052e40b07aac0ca060c23ee'),
(876, '140111258110', 'Imroatul Hasanah', 17, 'Siswa', 'ee11cbb19052e40b07aac0ca060c23ee'),
(877, '140121259110', 'Intan Agustin', 17, 'Siswa', 'ee11cbb19052e40b07aac0ca060c23ee'),
(878, '140131260110', 'Juniarti Afni Jayanti', 17, 'Siswa', 'ee11cbb19052e40b07aac0ca060c23ee'),
(879, '140141261110', 'Kurnia Nita Adelia', 17, 'Siswa', 'ee11cbb19052e40b07aac0ca060c23ee'),
(880, '140151262110', 'Lailatul Qutsiah', 17, 'Siswa', 'ee11cbb19052e40b07aac0ca060c23ee'),
(881, '140161263110', 'Laras Ayu Agustin', 17, 'Siswa', 'ee11cbb19052e40b07aac0ca060c23ee'),
(882, '140171264110', 'Leo Efendi', 17, 'Siswa', 'ee11cbb19052e40b07aac0ca060c23ee'),
(883, '140181265110', 'Lia Ameliya', 17, 'Siswa', 'ee11cbb19052e40b07aac0ca060c23ee'),
(884, '140191266110', 'Lukman Algazani', 17, 'Siswa', 'ee11cbb19052e40b07aac0ca060c23ee'),
(885, '140201267110', 'Mariyatul Kibtiyah', 17, 'Siswa', 'ee11cbb19052e40b07aac0ca060c23ee'),
(886, '140211268110', 'Meilani Ayu Andira', 17, 'Siswa', 'ee11cbb19052e40b07aac0ca060c23ee'),
(887, '140221269110', 'Meirisa Novita Sari', 17, 'Siswa', 'ee11cbb19052e40b07aac0ca060c23ee'),
(888, '140231270110', 'Meliana Anisa Nur Azizah', 17, 'Siswa', 'ee11cbb19052e40b07aac0ca060c23ee'),
(889, '140241271110', 'Micola Saputra', 17, 'Siswa', 'ee11cbb19052e40b07aac0ca060c23ee'),
(890, '140251272110', 'Moh. Daniyal Reza', 17, 'Siswa', 'ee11cbb19052e40b07aac0ca060c23ee'),
(891, '140261273110', 'Mohamad Bagus Herwanto', 17, 'Siswa', 'ee11cbb19052e40b07aac0ca060c23ee'),
(892, '140271274110', 'Mohammad Abdul Hafid', 17, 'Siswa', 'ee11cbb19052e40b07aac0ca060c23ee'),
(893, '140281275110', 'Muh. Jahfal Jazuli', 17, 'Siswa', 'ee11cbb19052e40b07aac0ca060c23ee'),
(894, '140291276110', 'Muhammad David Nizar Effendi', 17, 'Siswa', 'ee11cbb19052e40b07aac0ca060c23ee'),
(895, '140301277110', 'Muhammad Zulfa Affandi', 17, 'Siswa', 'ee11cbb19052e40b07aac0ca060c23ee'),
(896, '140311278110', 'Nabila Dwi Yuliana', 17, 'Siswa', 'ee11cbb19052e40b07aac0ca060c23ee'),
(897, '140321279110', 'Nadila Ayu Purbaningrum', 17, 'Siswa', 'ee11cbb19052e40b07aac0ca060c23ee'),
(898, '140331280110', 'Nadyatussholehah', 17, 'Siswa', 'ee11cbb19052e40b07aac0ca060c23ee'),
(899, '140341281110', 'Natasya', 17, 'Siswa', 'ee11cbb19052e40b07aac0ca060c23ee'),
(900, '140351282110', 'Noval Bagus Pratama', 17, 'Siswa', 'ee11cbb19052e40b07aac0ca060c23ee'),
(901, '140361283110', 'Novi Ayu Lestari', 17, 'Siswa', 'ee11cbb19052e40b07aac0ca060c23ee'),
(902, '140371284110', 'Noviana Dwi Cahyani', 17, 'Siswa', 'ee11cbb19052e40b07aac0ca060c23ee'),
(903, '140381285110', 'Novita Dwi Puspita Sari', 17, 'Siswa', 'ee11cbb19052e40b07aac0ca060c23ee'),
(904, '140391286110', 'Nur Ida Masruroh', 17, 'Siswa', 'ee11cbb19052e40b07aac0ca060c23ee'),
(905, '140401287110', 'Nur Khofifah Dwi Rahma', 17, 'Siswa', 'ee11cbb19052e40b07aac0ca060c23ee'),
(906, '140411288110', 'Nurma Yulita Sari', 17, 'Siswa', 'ee11cbb19052e40b07aac0ca060c23ee'),
(907, '140421289110', 'Nurul Hanifah', 17, 'Siswa', 'ee11cbb19052e40b07aac0ca060c23ee'),
(908, '140431290110', 'Oktavia Bayu Setia Afkarina', 17, 'Siswa', 'ee11cbb19052e40b07aac0ca060c23ee'),
(909, '140441291110', 'Oktavia Devita Dwi Wijaya', 18, 'Siswa', 'ee11cbb19052e40b07aac0ca060c23ee'),
(910, '140451292110', 'Oumi Nuraida', 18, 'Siswa', 'ee11cbb19052e40b07aac0ca060c23ee'),
(911, '140461293110', 'Qurul Marliyana', 18, 'Siswa', 'ee11cbb19052e40b07aac0ca060c23ee'),
(912, '140471294110', 'Retno Tri Susanti', 18, 'Siswa', 'ee11cbb19052e40b07aac0ca060c23ee'),
(913, '140481295110', 'Rifatul Rohma', 18, 'Siswa', 'ee11cbb19052e40b07aac0ca060c23ee'),
(914, '140491296110', 'Rini Setiyowati', 18, 'Siswa', 'ee11cbb19052e40b07aac0ca060c23ee'),
(915, '140501297110', 'Risca Wahyu Wardani', 18, 'Siswa', 'ee11cbb19052e40b07aac0ca060c23ee'),
(916, '140511298110', 'Riski Amalia Zakina', 18, 'Siswa', 'ee11cbb19052e40b07aac0ca060c23ee'),
(917, '140521299110', 'Santi Nur Hidayah', 18, 'Siswa', 'ee11cbb19052e40b07aac0ca060c23ee'),
(918, '140531300110', 'Shavka Devanas Tasya', 18, 'Siswa', 'ee11cbb19052e40b07aac0ca060c23ee'),
(919, '140541301110', 'Shinta Nuriah', 18, 'Siswa', 'ee11cbb19052e40b07aac0ca060c23ee'),
(920, '140551302110', 'Silvana Herman', 18, 'Siswa', 'ee11cbb19052e40b07aac0ca060c23ee'),
(921, '140561303110', 'Sindy Avitasari', 18, 'Siswa', 'ee11cbb19052e40b07aac0ca060c23ee'),
(922, '140571304110', 'Sindy Ayu Agustin', 18, 'Siswa', 'ee11cbb19052e40b07aac0ca060c23ee'),
(923, '140581305110', 'Siska Wulandari', 18, 'Siswa', 'ee11cbb19052e40b07aac0ca060c23ee'),
(924, '140591306110', 'Siti Nur Alfia', 18, 'Siswa', 'ee11cbb19052e40b07aac0ca060c23ee'),
(925, '140601307110', 'Siti Nur Azizah', 18, 'Siswa', 'ee11cbb19052e40b07aac0ca060c23ee'),
(926, '140611308110', 'Siti Nur Rukayyah', 18, 'Siswa', 'ee11cbb19052e40b07aac0ca060c23ee'),
(927, '140621309110', 'Siti Nurhalisah', 18, 'Siswa', 'ee11cbb19052e40b07aac0ca060c23ee'),
(928, '140631310110', 'Siti Zakiyatul Ainiyah', 18, 'Siswa', 'ee11cbb19052e40b07aac0ca060c23ee'),
(929, '140641311110', 'Sofiatus Saadah', 18, 'Siswa', 'ee11cbb19052e40b07aac0ca060c23ee'),
(930, '140651312110', 'Soleha Oktaviana', 18, 'Siswa', 'ee11cbb19052e40b07aac0ca060c23ee'),
(931, '140661313110', 'Tri Ratu Wijayanti', 18, 'Siswa', 'ee11cbb19052e40b07aac0ca060c23ee'),
(932, '140671314110', 'Ubaidillah Hasan', 18, 'Siswa', 'ee11cbb19052e40b07aac0ca060c23ee'),
(933, '140681315110', 'Ulfiyatus Soleha', 18, 'Siswa', 'ee11cbb19052e40b07aac0ca060c23ee'),
(934, '140691316110', 'Uswatun Hasanah', 18, 'Siswa', 'ee11cbb19052e40b07aac0ca060c23ee'),
(935, '140701317110', 'Vera Sifti Basmalah', 18, 'Siswa', 'ee11cbb19052e40b07aac0ca060c23ee'),
(936, '140711318110', 'Wahdiati Zaen', 18, 'Siswa', 'ee11cbb19052e40b07aac0ca060c23ee'),
(937, '140721319110', 'Wahyu Agung Prasetyo', 18, 'Siswa', 'ee11cbb19052e40b07aac0ca060c23ee'),
(938, '140731320110', 'Wahyu Gustiawan', 18, 'Siswa', 'ee11cbb19052e40b07aac0ca060c23ee'),
(939, '140741321110', 'Wahyuni Wulandari', 18, 'Siswa', 'ee11cbb19052e40b07aac0ca060c23ee'),
(940, '140751322110', 'Wanda Ayunda Hasanah', 18, 'Siswa', 'ee11cbb19052e40b07aac0ca060c23ee'),
(941, '140761323110', 'Widiya Raniasari', 18, 'Siswa', 'ee11cbb19052e40b07aac0ca060c23ee'),
(942, '140771324110', 'Yanti Yuliatin', 18, 'Siswa', 'ee11cbb19052e40b07aac0ca060c23ee'),
(943, '140781325110', 'Yessy Putri Wulandari', 18, 'Siswa', 'ee11cbb19052e40b07aac0ca060c23ee'),
(944, '140791326110', 'Zaena Lailatul Qadar', 18, 'Siswa', 'ee11cbb19052e40b07aac0ca060c23ee'),
(945, '13684958065', 'Afan Riyanto', 3, 'Siswa', 'ee11cbb19052e40b07aac0ca060c23ee'),
(946, '13685959065', 'Ahmad Afani Maulana', 3, 'Siswa', 'ee11cbb19052e40b07aac0ca060c23ee'),
(947, '13686960065', 'Ahmad Dani Kurniawan', 3, 'Siswa', 'ee11cbb19052e40b07aac0ca060c23ee'),
(948, '13687961065', 'Ahmad Fhaisal', 3, 'Siswa', 'ee11cbb19052e40b07aac0ca060c23ee'),
(949, '13688962065', 'Ahmad Shobri', 3, 'Siswa', 'ee11cbb19052e40b07aac0ca060c23ee'),
(950, '13689963065', 'Aisyah Nadya Rahman', 3, 'Siswa', 'ee11cbb19052e40b07aac0ca060c23ee'),
(951, '13690964065', 'Anggit Sri Langgeng', 3, 'Siswa', 'ee11cbb19052e40b07aac0ca060c23ee'),
(952, '13691965065', 'Anggun Setyo Pamuji', 3, 'Siswa', 'ee11cbb19052e40b07aac0ca060c23ee'),
(953, '13692966065', 'Anugrah Rahmad Hidayatulloh', 3, 'Siswa', 'ee11cbb19052e40b07aac0ca060c23ee'),
(954, '13693967065', 'Badiun Nidom', 3, 'Siswa', 'ee11cbb19052e40b07aac0ca060c23ee'),
(955, '13694968065', 'Bagus Dwi Lesmana', 3, 'Siswa', 'ee11cbb19052e40b07aac0ca060c23ee'),
(956, '13695969065', 'Bela Ayu Margaretha', 3, 'Siswa', 'ee11cbb19052e40b07aac0ca060c23ee'),
(957, '13696970065', 'Cindy Maretha', 3, 'Siswa', 'ee11cbb19052e40b07aac0ca060c23ee'),
(958, '13697971065', 'Dandhi Dwi Ari Prasetya', 3, 'Siswa', 'ee11cbb19052e40b07aac0ca060c23ee'),
(959, '13698972065', 'Dani', 3, 'Siswa', 'ee11cbb19052e40b07aac0ca060c23ee'),
(960, '13699973065', 'Dewi Hanif Wahyuni', 3, 'Siswa', 'ee11cbb19052e40b07aac0ca060c23ee'),
(961, '13700974065', 'Dewi Sinta', 3, 'Siswa', 'ee11cbb19052e40b07aac0ca060c23ee'),
(962, '13701975065', 'Faizul Wafa', 3, 'Siswa', 'ee11cbb19052e40b07aac0ca060c23ee'),
(963, '13702976065', 'Faizul Wafi', 3, 'Siswa', 'ee11cbb19052e40b07aac0ca060c23ee'),
(964, '13703977065', 'Faridatun Toyyibah', 3, 'Siswa', 'ee11cbb19052e40b07aac0ca060c23ee'),
(965, '13704978065', 'Faris Firmansah', 3, 'Siswa', 'ee11cbb19052e40b07aac0ca060c23ee'),
(966, '13705979065', 'Fera Karisma', 3, 'Siswa', 'ee11cbb19052e40b07aac0ca060c23ee'),
(967, '13706980065', 'Feri Hariyanto', 3, 'Siswa', 'ee11cbb19052e40b07aac0ca060c23ee'),
(968, '13707981065', 'Fery Ardiyansyah', 3, 'Siswa', 'ee11cbb19052e40b07aac0ca060c23ee'),
(969, '13708982065', 'Fintya Putri Tri Hidayah', 3, 'Siswa', 'ee11cbb19052e40b07aac0ca060c23ee'),
(970, '13709983065', 'Firda Andriyanti', 3, 'Siswa', 'ee11cbb19052e40b07aac0ca060c23ee'),
(971, '13710984065', 'Himayatul Husna', 3, 'Siswa', 'ee11cbb19052e40b07aac0ca060c23ee'),
(972, '13711985065', 'I`Is Lufita', 3, 'Siswa', 'ee11cbb19052e40b07aac0ca060c23ee'),
(973, '13712986065', 'Kevin Hizkia Mahendra Duta', 3, 'Siswa', 'ee11cbb19052e40b07aac0ca060c23ee'),
(974, '13713987065', 'Lia Solina', 3, 'Siswa', 'ee11cbb19052e40b07aac0ca060c23ee'),
(975, '13714988065', 'M. Fahrizal', 3, 'Siswa', 'ee11cbb19052e40b07aac0ca060c23ee'),
(976, '13715989065', 'M. Idrus Maulana', 3, 'Siswa', 'ee11cbb19052e40b07aac0ca060c23ee'),
(977, '13716990065', 'Mahisa Putra Surya', 3, 'Siswa', 'ee11cbb19052e40b07aac0ca060c23ee'),
(978, '13717991065', 'Misbahul Karom', 3, 'Siswa', 'ee11cbb19052e40b07aac0ca060c23ee'),
(979, '13718992065', 'Moch. Lukman Hakim', 3, 'Siswa', 'ee11cbb19052e40b07aac0ca060c23ee'),
(980, '13719993065', 'Mohammad Fahmi Maulana', 3, 'Siswa', 'ee11cbb19052e40b07aac0ca060c23ee'),
(981, '13720994065', 'Muhammad Afrizal', 4, 'Siswa', 'ee11cbb19052e40b07aac0ca060c23ee'),
(982, '13721995065', 'Muhammad Dzaky Ramadhan Halawane', 4, 'Siswa', 'ee11cbb19052e40b07aac0ca060c23ee'),
(983, '13722996065', 'Muhammad Ibnul Jasir', 4, 'Siswa', 'ee11cbb19052e40b07aac0ca060c23ee'),
(984, '13723997065', 'Muhammad Makhruz Sodiqi', 4, 'Siswa', 'ee11cbb19052e40b07aac0ca060c23ee'),
(985, '13724998065', 'Muhammad Misbahul Huda', 4, 'Siswa', 'ee11cbb19052e40b07aac0ca060c23ee'),
(986, '13725999065', 'Muhammad Syahrullah', 4, 'Siswa', 'ee11cbb19052e40b07aac0ca060c23ee'),
(987, '137261000065', 'Nur Hasan', 4, 'Siswa', 'ee11cbb19052e40b07aac0ca060c23ee'),
(988, '137271001065', 'Putri Indah Sari', 4, 'Siswa', 'ee11cbb19052e40b07aac0ca060c23ee'),
(989, '137281002065', 'Qoribul Muhid', 4, 'Siswa', 'ee11cbb19052e40b07aac0ca060c23ee'),
(990, '137291003065', 'Rafi Angga Saputra', 4, 'Siswa', 'ee11cbb19052e40b07aac0ca060c23ee'),
(991, '137301004065', 'Rajendra Rizal Ramadhani', 4, 'Siswa', 'ee11cbb19052e40b07aac0ca060c23ee'),
(992, '137311005065', 'Rayhan Indrafata', 4, 'Siswa', 'ee11cbb19052e40b07aac0ca060c23ee'),
(993, '137321006065', 'Rendi Dimas Satio Ferdiyansyah', 4, 'Siswa', 'ee11cbb19052e40b07aac0ca060c23ee'),
(994, '137331007065', 'Reva Wahyu Ramadina', 4, 'Siswa', 'ee11cbb19052e40b07aac0ca060c23ee'),
(995, '137341008065', 'Reza Febrian', 4, 'Siswa', 'ee11cbb19052e40b07aac0ca060c23ee'),
(996, '137351009065', 'Rezha Wahyu Ramadhan', 4, 'Siswa', 'ee11cbb19052e40b07aac0ca060c23ee'),
(997, '137361010065', 'Ridho Hiqmal Annur Quran', 4, 'Siswa', 'ee11cbb19052e40b07aac0ca060c23ee'),
(998, '137371011065', 'Rijal Ananda Saputra', 4, 'Siswa', 'ee11cbb19052e40b07aac0ca060c23ee'),
(999, '137381012065', 'Roy Daniel Prabahana Surya', 4, 'Siswa', 'ee11cbb19052e40b07aac0ca060c23ee'),
(1000, '137391013065', 'Saiful Hasan Bahri', 4, 'Siswa', 'ee11cbb19052e40b07aac0ca060c23ee'),
(1001, '137401014065', 'Samiati', 4, 'Siswa', 'ee11cbb19052e40b07aac0ca060c23ee'),
(1002, '137411015065', 'Septian Bagas Nurhikmah', 4, 'Siswa', 'ee11cbb19052e40b07aac0ca060c23ee'),
(1003, '137421016065', 'Sherly Eka Puji Lestari', 4, 'Siswa', 'ee11cbb19052e40b07aac0ca060c23ee'),
(1004, '137431017065', 'Siti Nur Indah Wati', 4, 'Siswa', 'ee11cbb19052e40b07aac0ca060c23ee'),
(1005, '137441018065', 'Siti Raudatul Hikmah', 4, 'Siswa', 'ee11cbb19052e40b07aac0ca060c23ee'),
(1006, '137451019065', 'Sofyan Ali Gufron', 4, 'Siswa', 'ee11cbb19052e40b07aac0ca060c23ee'),
(1007, '137461020065', 'Tari Ardila', 4, 'Siswa', 'ee11cbb19052e40b07aac0ca060c23ee'),
(1008, '137471021065', 'Tiara Ananta Febi P', 4, 'Siswa', 'ee11cbb19052e40b07aac0ca060c23ee'),
(1009, '137481022065', 'Tino Marten', 4, 'Siswa', 'ee11cbb19052e40b07aac0ca060c23ee'),
(1010, '137491023065', 'Unaidi Abillah', 4, 'Siswa', 'ee11cbb19052e40b07aac0ca060c23ee'),
(1011, '137501024065', 'Wanda Yulia Kartika Sari', 4, 'Siswa', 'ee11cbb19052e40b07aac0ca060c23ee'),
(1012, '137511025065', 'Winda Yunita Sari', 4, 'Siswa', 'ee11cbb19052e40b07aac0ca060c23ee'),
(1013, '137521026065', 'Wirda Nurlaili', 4, 'Siswa', 'ee11cbb19052e40b07aac0ca060c23ee'),
(1014, '137531027065', 'Yohana Elizabeth', 4, 'Siswa', 'ee11cbb19052e40b07aac0ca060c23ee'),
(1015, '137541028065', 'Yohanes Krisna Desantho', 4, 'Siswa', 'ee11cbb19052e40b07aac0ca060c23ee'),
(1016, '137551029065', 'Zakariya Dzulkarnain', 4, 'Siswa', 'ee11cbb19052e40b07aac0ca060c23ee'),
(1017, '141881030065', 'Efan Merfin.B.Douw', 4, 'Siswa', 'ee11cbb19052e40b07aac0ca060c23ee'),
(1023, '13205882065', 'Abdul Mujib Maulana', 5, 'Siswa', 'ee11cbb19052e40b07aac0ca060c23ee'),
(1024, '13206883065', 'Achmad Fadhil Amrullah', 5, 'Siswa', 'ee11cbb19052e40b07aac0ca060c23ee'),
(1025, '13207884065', 'Agustin Ma\'Rifatul Jannah', 5, 'Siswa', 'ee11cbb19052e40b07aac0ca060c23ee'),
(1026, '13208885065', 'Ahada Salsabella', 5, 'Siswa', 'ee11cbb19052e40b07aac0ca060c23ee'),
(1027, '13209886065', 'Ahmad Al Madani', 5, 'Siswa', 'ee11cbb19052e40b07aac0ca060c23ee'),
(1028, '13210887065', 'Ahmad Iksan', 5, 'Siswa', 'ee11cbb19052e40b07aac0ca060c23ee'),
(1029, '13211888065', 'Ahmad Suaidi', 5, 'Siswa', 'ee11cbb19052e40b07aac0ca060c23ee'),
(1030, '13212889065', 'Ahmad Zainulloh ', 5, 'Siswa', 'ee11cbb19052e40b07aac0ca060c23ee'),
(1031, '13213890065', 'Ainur Rizki', 5, 'Siswa', 'ee11cbb19052e40b07aac0ca060c23ee'),
(1032, '13214891065', 'Akbar Rahmatullah ', 5, 'Siswa', 'ee11cbb19052e40b07aac0ca060c23ee'),
(1033, '13215892065', 'Alfian Akbar Maulana', 5, 'Siswa', 'ee11cbb19052e40b07aac0ca060c23ee'),
(1034, '13216893065', 'Andika Pratama Efendi', 5, 'Siswa', 'ee11cbb19052e40b07aac0ca060c23ee'),
(1035, '13217894065', 'Ari Gunawan', 5, 'Siswa', 'ee11cbb19052e40b07aac0ca060c23ee'),
(1036, '13218895065', 'Ayutya Yuri Apriyanti', 5, 'Siswa', 'ee11cbb19052e40b07aac0ca060c23ee'),
(1037, '13219896065', 'Bagas Abdul Gofur', 5, 'Siswa', 'ee11cbb19052e40b07aac0ca060c23ee'),
(1038, '13220897065', 'Bagus Adityia', 5, 'Siswa', 'ee11cbb19052e40b07aac0ca060c23ee'),
(1039, '13221898065', 'Bambang Nurdian Syah', 5, 'Siswa', 'ee11cbb19052e40b07aac0ca060c23ee'),
(1040, '13222899065', 'Danny Januar Eko Wahyudi', 5, 'Siswa', 'ee11cbb19052e40b07aac0ca060c23ee'),
(1041, '13223900065', 'Dedi Indra Lesmana ', 5, 'Siswa', 'ee11cbb19052e40b07aac0ca060c23ee'),
(1042, '13224901065', 'Dewi Mustika', 5, 'Siswa', 'ee11cbb19052e40b07aac0ca060c23ee'),
(1043, '13225902065', 'Diki Wahyudi', 5, 'Siswa', 'ee11cbb19052e40b07aac0ca060c23ee'),
(1044, '13227904065', 'Elam Dan Wenda', 5, 'Siswa', 'ee11cbb19052e40b07aac0ca060c23ee'),
(1045, '13228905065', 'Eva', 5, 'Siswa', 'ee11cbb19052e40b07aac0ca060c23ee'),
(1046, '13229906065', 'Fathur Rozi Ishak', 5, 'Siswa', 'ee11cbb19052e40b07aac0ca060c23ee'),
(1047, '13230907065', 'Fernanda Andrianto', 5, 'Siswa', 'ee11cbb19052e40b07aac0ca060c23ee'),
(1048, '13231908065', 'Gian Maulana Malik', 5, 'Siswa', 'ee11cbb19052e40b07aac0ca060c23ee'),
(1049, '13232909065', 'Hasbi Ashidiqi', 5, 'Siswa', 'ee11cbb19052e40b07aac0ca060c23ee'),
(1050, '13233910065', 'Holifatus Safitri', 5, 'Siswa', 'ee11cbb19052e40b07aac0ca060c23ee'),
(1051, '13234911065', 'Ibrahim Pradityo', 5, 'Siswa', 'ee11cbb19052e40b07aac0ca060c23ee'),
(1052, '13235912065', 'Imron Hanafi', 5, 'Siswa', 'ee11cbb19052e40b07aac0ca060c23ee'),
(1053, '13236913065', 'Iqbal Fami Kulub', 5, 'Siswa', 'ee11cbb19052e40b07aac0ca060c23ee'),
(1054, '13237914065', 'Irdiawansyah Tri Ardiana', 5, 'Siswa', 'ee11cbb19052e40b07aac0ca060c23ee'),
(1055, '13238915065', 'Jessica Aprillia', 5, 'Siswa', 'ee11cbb19052e40b07aac0ca060c23ee'),
(1056, '13239916065', 'Khoirul Anam', 5, 'Siswa', 'ee11cbb19052e40b07aac0ca060c23ee'),
(1057, '13240917065', 'Laely Hustonul Ulum', 5, 'Siswa', 'ee11cbb19052e40b07aac0ca060c23ee'),
(1058, '13241918065', 'M. Isma', 5, 'Siswa', 'ee11cbb19052e40b07aac0ca060c23ee'),
(1059, '13242919065', 'Moch. Faisal', 6, 'Siswa', 'ee11cbb19052e40b07aac0ca060c23ee'),
(1060, '13243920065', 'Moh Diki Wahyudi', 6, 'Siswa', 'ee11cbb19052e40b07aac0ca060c23ee'),
(1061, '13244921065', 'Mohammad Saironil ', 6, 'Siswa', 'ee11cbb19052e40b07aac0ca060c23ee'),
(1062, '13245922065', 'Moch. Ilham Firmansyah', 6, 'Siswa', 'ee11cbb19052e40b07aac0ca060c23ee'),
(1063, '13246923065', 'Mochammad Bachtiar Habibi', 6, 'Siswa', 'ee11cbb19052e40b07aac0ca060c23ee'),
(1064, '13247924065', 'Mohammad Syaifudin', 6, 'Siswa', 'ee11cbb19052e40b07aac0ca060c23ee'),
(1065, '13248925065', 'Muhammad Adi Saputro', 6, 'Siswa', 'ee11cbb19052e40b07aac0ca060c23ee'),
(1066, '13249926065', 'Muhammad Aldi', 6, 'Siswa', 'ee11cbb19052e40b07aac0ca060c23ee'),
(1067, '13250927065', 'Muhammad Darul Alban Afghani', 6, 'Siswa', 'ee11cbb19052e40b07aac0ca060c23ee'),
(1068, '13251928065', 'Muhammad Faruq', 6, 'Siswa', 'ee11cbb19052e40b07aac0ca060c23ee'),
(1069, '13252929065', 'Muhammad Insan Kamil', 6, 'Siswa', 'ee11cbb19052e40b07aac0ca060c23ee'),
(1070, '13253930065', 'Muhammad Irfan Firmansyah', 6, 'Siswa', 'ee11cbb19052e40b07aac0ca060c23ee'),
(1071, '13254931065', 'Muhammad Naufal Affan Samudra', 6, 'Siswa', 'ee11cbb19052e40b07aac0ca060c23ee'),
(1072, '13255932065', 'Muhammad Nur Aliyudin', 6, 'Siswa', 'ee11cbb19052e40b07aac0ca060c23ee'),
(1073, '13256933065', 'Muhammad Nur Hasan ', 6, 'Siswa', 'ee11cbb19052e40b07aac0ca060c23ee'),
(1074, '13257934065', 'Muhammad Rizal Muhaimin', 6, 'Siswa', 'ee11cbb19052e40b07aac0ca060c23ee'),
(1075, '13258935065', 'Muhammad Saini', 6, 'Siswa', 'ee11cbb19052e40b07aac0ca060c23ee'),
(1076, '13259936065', 'Muhammad Zaqil Hidayatur Rozzi', 6, 'Siswa', 'ee11cbb19052e40b07aac0ca060c23ee'),
(1077, '13260937065', 'Muhammad Ricko Pangestu', 6, 'Siswa', 'ee11cbb19052e40b07aac0ca060c23ee'),
(1078, '13261938065', 'Moch. Roviki', 6, 'Siswa', 'ee11cbb19052e40b07aac0ca060c23ee'),
(1079, '13262939065', 'Nanda Widiawati', 6, 'Siswa', 'ee11cbb19052e40b07aac0ca060c23ee'),
(1080, '13263940065', 'Novia Rahmawati', 6, 'Siswa', 'ee11cbb19052e40b07aac0ca060c23ee'),
(1081, '13264941065', 'Nur Hanifah', 6, 'Siswa', 'ee11cbb19052e40b07aac0ca060c23ee'),
(1082, '13265942065', 'Nur Imamah', 6, 'Siswa', 'ee11cbb19052e40b07aac0ca060c23ee'),
(1083, '13266943065', 'Ongki Prasetyo', 6, 'Siswa', 'ee11cbb19052e40b07aac0ca060c23ee'),
(1084, '13267944065', 'Priyangga Dwi Nata', 6, 'Siswa', 'ee11cbb19052e40b07aac0ca060c23ee'),
(1085, '13268945065', 'Putra Dwi Febriansyah', 6, 'Siswa', 'ee11cbb19052e40b07aac0ca060c23ee'),
(1086, '13269946065', 'Rizky Yulianto Ahmad', 6, 'Siswa', 'ee11cbb19052e40b07aac0ca060c23ee'),
(1087, '13270947065', 'Rachman Tio Maulana', 6, 'Siswa', 'ee11cbb19052e40b07aac0ca060c23ee'),
(1088, '13271948065', 'Rafly Eka Septian', 6, 'Siswa', 'ee11cbb19052e40b07aac0ca060c23ee'),
(1089, '13272949065', 'Rendy Bagas Dicky Prayitno', 6, 'Siswa', 'ee11cbb19052e40b07aac0ca060c23ee'),
(1090, '13273950065', 'Reza Octavianda', 6, 'Siswa', 'ee11cbb19052e40b07aac0ca060c23ee'),
(1091, '13274951065', 'Safina Fatihul Ulumiah', 6, 'Siswa', 'ee11cbb19052e40b07aac0ca060c23ee'),
(1092, '13275952065', 'Satrio S. Pamungkas', 6, 'Siswa', 'ee11cbb19052e40b07aac0ca060c23ee'),
(1093, '13276953065', 'Siti Romlah', 6, 'Siswa', 'ee11cbb19052e40b07aac0ca060c23ee'),
(1094, '13277954065', 'Syukron Nur Zaini', 6, 'Siswa', 'ee11cbb19052e40b07aac0ca060c23ee'),
(1095, '13278955065', 'Tri Noviani', 6, 'Siswa', 'ee11cbb19052e40b07aac0ca060c23ee'),
(1096, '13279956065', 'Vikyh Dwi Andrian', 6, 'Siswa', 'ee11cbb19052e40b07aac0ca060c23ee'),
(1097, '13281283067', 'Achmad Al-Fajri Senva Aulia', 11, 'Siswa', 'ee11cbb19052e40b07aac0ca060c23ee'),
(1098, '13282284067', 'Achmad Rizal Muhaimin', 11, 'Siswa', 'ee11cbb19052e40b07aac0ca060c23ee'),
(1099, '13283285067', 'Adellia Shita Devi', 11, 'Siswa', 'ee11cbb19052e40b07aac0ca060c23ee'),
(1100, '13284286067', 'Aditya Firmansyah Abi Kriswantoro', 11, 'Siswa', 'ee11cbb19052e40b07aac0ca060c23ee'),
(1101, '13285287067', 'Afdinal Alfizarnia Wibowo', 11, 'Siswa', 'ee11cbb19052e40b07aac0ca060c23ee'),
(1102, '13286288067', 'Afiatur Rohmah', 11, 'Siswa', 'ee11cbb19052e40b07aac0ca060c23ee'),
(1103, '13287289067', 'Ahmad Bahroni', 11, 'Siswa', 'ee11cbb19052e40b07aac0ca060c23ee'),
(1104, '13288290067', 'Ahmad Ainur Rofiq', 11, 'Siswa', 'ee11cbb19052e40b07aac0ca060c23ee'),
(1105, '13289291067', 'Ajeng Rahayu Izza Afkarina', 11, 'Siswa', 'ee11cbb19052e40b07aac0ca060c23ee'),
(1106, '13290292067', 'Alfan Pratama Rahman', 11, 'Siswa', 'ee11cbb19052e40b07aac0ca060c23ee'),
(1107, '13291293067', 'Alifia Jazila', 11, 'Siswa', 'ee11cbb19052e40b07aac0ca060c23ee');
INSERT INTO `siswa` (`id_siswa`, `nisn`, `nama`, `kelas_id`, `status`, `password`) VALUES
(1108, '13292294067', 'Alfina Damayanti', 11, 'Siswa', 'ee11cbb19052e40b07aac0ca060c23ee'),
(1109, '13293295067', 'Anis Ellyana', 11, 'Siswa', 'ee11cbb19052e40b07aac0ca060c23ee'),
(1110, '13294296067', 'Arbi Kuncoro', 11, 'Siswa', 'ee11cbb19052e40b07aac0ca060c23ee'),
(1111, '13295297067', 'Arindha Meisya Lestari', 11, 'Siswa', 'ee11cbb19052e40b07aac0ca060c23ee'),
(1112, '13296298067', 'Asmaul Husna', 11, 'Siswa', 'ee11cbb19052e40b07aac0ca060c23ee'),
(1113, '13298300067', 'Dheco Cinta Irwantita', 11, 'Siswa', 'ee11cbb19052e40b07aac0ca060c23ee'),
(1114, '13299301067', 'Diana Anugrah', 11, 'Siswa', 'ee11cbb19052e40b07aac0ca060c23ee'),
(1115, '13300302067', 'Ervina Agustien', 11, 'Siswa', 'ee11cbb19052e40b07aac0ca060c23ee'),
(1116, '13301303067', 'Evan Emha Widyadhana', 11, 'Siswa', 'ee11cbb19052e40b07aac0ca060c23ee'),
(1117, '13302304067', 'Fayza Nina Amalia', 11, 'Siswa', 'ee11cbb19052e40b07aac0ca060c23ee'),
(1118, '13303305067', 'Feni Aprilia Amanah Putri', 11, 'Siswa', 'ee11cbb19052e40b07aac0ca060c23ee'),
(1119, '13304306067', 'Fida Syafi\'Atul Abdaniah', 11, 'Siswa', 'ee11cbb19052e40b07aac0ca060c23ee'),
(1120, '13305307067', 'Fikatul Umaroh', 11, 'Siswa', 'ee11cbb19052e40b07aac0ca060c23ee'),
(1121, '13306308067', 'Ginanda Faqih Rahmadan', 11, 'Siswa', 'ee11cbb19052e40b07aac0ca060c23ee'),
(1122, '13307309067', 'Herlinawati', 11, 'Siswa', 'ee11cbb19052e40b07aac0ca060c23ee'),
(1123, '13308310067', 'Humairoh Surfina', 11, 'Siswa', 'ee11cbb19052e40b07aac0ca060c23ee'),
(1124, '13309311067', 'Imelda Amelia Putri', 11, 'Siswa', 'ee11cbb19052e40b07aac0ca060c23ee'),
(1125, '13310312067', 'Inggri Susiana Putri', 11, 'Siswa', 'ee11cbb19052e40b07aac0ca060c23ee'),
(1126, '13311313067', 'Iqbal Fikri', 11, 'Siswa', 'ee11cbb19052e40b07aac0ca060c23ee'),
(1127, '13312314067', 'Ika Ayu Ningsih', 11, 'Siswa', 'ee11cbb19052e40b07aac0ca060c23ee'),
(1128, '13313315067', 'Kholifatul Hanifah', 11, 'Siswa', 'ee11cbb19052e40b07aac0ca060c23ee'),
(1129, '13314316067', 'Lilik Handayani', 11, 'Siswa', 'ee11cbb19052e40b07aac0ca060c23ee'),
(1130, '13315317067', 'Linda Nur Agustin', 11, 'Siswa', 'ee11cbb19052e40b07aac0ca060c23ee'),
(1131, '13316318067', 'Linda Sri Wahyuni', 11, 'Siswa', 'ee11cbb19052e40b07aac0ca060c23ee'),
(1132, '13317319067', 'Listiani', 11, 'Siswa', 'ee11cbb19052e40b07aac0ca060c23ee'),
(1133, '12884247067', 'Idam Yudha Dwicaksono', 12, 'Siswa', 'ee11cbb19052e40b07aac0ca060c23ee'),
(1134, '13318320067', 'Mareza Wanda Litania', 12, 'Siswa', 'ee11cbb19052e40b07aac0ca060c23ee'),
(1135, '13319321067', 'Mei Liya Antika', 12, 'Siswa', 'ee11cbb19052e40b07aac0ca060c23ee'),
(1136, '13320322067', 'Melinda Oktavia', 12, 'Siswa', 'ee11cbb19052e40b07aac0ca060c23ee'),
(1137, '13321323067', 'Moh. Alayka Al Habsyi', 12, 'Siswa', 'ee11cbb19052e40b07aac0ca060c23ee'),
(1138, '13322324067', 'Moh Rexa Sofyan', 12, 'Siswa', 'ee11cbb19052e40b07aac0ca060c23ee'),
(1139, '13323325067', 'Moh. Rohim Aliyudin', 12, 'Siswa', 'ee11cbb19052e40b07aac0ca060c23ee'),
(1140, '13324326067', 'Muhammad Agung Sugiarto', 12, 'Siswa', 'ee11cbb19052e40b07aac0ca060c23ee'),
(1141, '13325327067', 'M. Ifan Gunawan', 12, 'Siswa', 'ee11cbb19052e40b07aac0ca060c23ee'),
(1142, '13326328067', 'Muhammad Rival Agung Maulana ', 12, 'Siswa', 'ee11cbb19052e40b07aac0ca060c23ee'),
(1143, '13327329067', 'Muhammad Syahrul Dien', 12, 'Siswa', 'ee11cbb19052e40b07aac0ca060c23ee'),
(1144, '13328330067', 'Nindia Rahma Safitri', 12, 'Siswa', 'ee11cbb19052e40b07aac0ca060c23ee'),
(1145, '13329331067', 'Norma Chintya Pratiwi', 12, 'Siswa', 'ee11cbb19052e40b07aac0ca060c23ee'),
(1146, '13330332067', 'Novaldi Bahri ', 12, 'Siswa', 'ee11cbb19052e40b07aac0ca060c23ee'),
(1147, '13331333067', 'Novela Asril Laily', 12, 'Siswa', 'ee11cbb19052e40b07aac0ca060c23ee'),
(1148, '13332334067', 'Nur Alfian Huzaini', 12, 'Siswa', 'ee11cbb19052e40b07aac0ca060c23ee'),
(1149, '13333335067', 'Nuril Ilmiatus Sholeha', 12, 'Siswa', 'ee11cbb19052e40b07aac0ca060c23ee'),
(1150, '13334336067', 'Nurul Hidayanti', 12, 'Siswa', 'ee11cbb19052e40b07aac0ca060c23ee'),
(1151, '13335337067', 'Nuvilia Agustin', 12, 'Siswa', 'ee11cbb19052e40b07aac0ca060c23ee'),
(1152, '13336338067', 'Oktavia Wulandari', 12, 'Siswa', 'ee11cbb19052e40b07aac0ca060c23ee'),
(1153, '13337339067', 'Qurotul Aini', 12, 'Siswa', 'ee11cbb19052e40b07aac0ca060c23ee'),
(1154, '13338340067', 'Riski Dwi Pranata', 12, 'Siswa', 'ee11cbb19052e40b07aac0ca060c23ee'),
(1155, '13339341067', 'Risky Nadhifa Aulya', 12, 'Siswa', 'ee11cbb19052e40b07aac0ca060c23ee'),
(1156, '13340342067', 'Rizky Maulidhani', 12, 'Siswa', 'ee11cbb19052e40b07aac0ca060c23ee'),
(1157, '13341343067', 'Sefia Tamara Sari', 12, 'Siswa', 'ee11cbb19052e40b07aac0ca060c23ee'),
(1158, '13342344067', 'Silvi Viramida Hasan', 12, 'Siswa', 'ee11cbb19052e40b07aac0ca060c23ee'),
(1159, '13343345067', 'Siti Rohana', 12, 'Siswa', 'ee11cbb19052e40b07aac0ca060c23ee'),
(1160, '13344346067', 'Sintya Nurhayati', 12, 'Siswa', 'ee11cbb19052e40b07aac0ca060c23ee'),
(1161, '13345347067', 'Siti Aisah', 12, 'Siswa', 'ee11cbb19052e40b07aac0ca060c23ee'),
(1162, '13346348067', 'Sri Rejeki Apriyanti Ningsih', 12, 'Siswa', 'ee11cbb19052e40b07aac0ca060c23ee'),
(1163, '13347349067', 'Sulistyowati Kristianingsih', 12, 'Siswa', 'ee11cbb19052e40b07aac0ca060c23ee'),
(1164, '13349351067', 'Verio Candra Saputra', 12, 'Siswa', 'ee11cbb19052e40b07aac0ca060c23ee'),
(1165, '13350352067', 'Vivi Dwi Arika Puspa', 12, 'Siswa', 'ee11cbb19052e40b07aac0ca060c23ee'),
(1166, '13351353067', 'Windri Damayanti', 12, 'Siswa', 'ee11cbb19052e40b07aac0ca060c23ee'),
(1167, '13352354067', 'Yeni Widia Nengsih', 12, 'Siswa', 'ee11cbb19052e40b07aac0ca060c23ee'),
(1168, '13353355067', 'Yuni Faridhatul Lailiah', 12, 'Siswa', 'ee11cbb19052e40b07aac0ca060c23ee'),
(1169, '134661111110', 'Ach. Afandi', 19, 'Siswa', 'ee11cbb19052e40b07aac0ca060c23ee'),
(1170, '134671112110', 'Adib Sholeh', 19, 'Siswa', 'ee11cbb19052e40b07aac0ca060c23ee'),
(1171, '134681113110', 'Agus Miftakhul Ulum', 19, 'Siswa', 'ee11cbb19052e40b07aac0ca060c23ee'),
(1172, '134691114110', 'Ahmad Nur Hariono', 19, 'Siswa', 'ee11cbb19052e40b07aac0ca060c23ee'),
(1173, '134701115110', 'Ahmad Zakaria ', 19, 'Siswa', 'ee11cbb19052e40b07aac0ca060c23ee'),
(1174, '134711116110', 'Aisyah Tri Wulamdari', 19, 'Siswa', 'ee11cbb19052e40b07aac0ca060c23ee'),
(1175, '134721117110', 'Aji Akasa', 19, 'Siswa', 'ee11cbb19052e40b07aac0ca060c23ee'),
(1176, '134731118110', 'Alda Septilina Putri', 19, 'Siswa', 'ee11cbb19052e40b07aac0ca060c23ee'),
(1177, '134741119110', 'Aliya Noviyani Khoirotun Husna', 19, 'Siswa', 'ee11cbb19052e40b07aac0ca060c23ee'),
(1178, '134751120110', 'Alvin Wildanul Fitroh', 19, 'Siswa', 'ee11cbb19052e40b07aac0ca060c23ee'),
(1179, '134761121110', 'Alfina Damayanti', 19, 'Siswa', 'ee11cbb19052e40b07aac0ca060c23ee'),
(1180, '134771122110', 'Ana Alfiyanti', 19, 'Siswa', 'ee11cbb19052e40b07aac0ca060c23ee'),
(1181, '134781123110', 'A. Intan Ayu R', 19, 'Siswa', 'ee11cbb19052e40b07aac0ca060c23ee'),
(1182, '134791124110', 'Ardyan Refri Luis R', 19, 'Siswa', 'ee11cbb19052e40b07aac0ca060c23ee'),
(1183, '134801125110', 'Astrid Nur Intan Qomariya H', 19, 'Siswa', 'ee11cbb19052e40b07aac0ca060c23ee'),
(1184, '134811126110', 'Atikah Maulidiyah', 19, 'Siswa', 'ee11cbb19052e40b07aac0ca060c23ee'),
(1185, '134821127110', 'Candra Tri Setyobudi', 19, 'Siswa', 'ee11cbb19052e40b07aac0ca060c23ee'),
(1186, '134831128110', 'Cindy Permatasari', 19, 'Siswa', 'ee11cbb19052e40b07aac0ca060c23ee'),
(1187, '134841129110', 'David Dian Prasetiyo', 19, 'Siswa', 'ee11cbb19052e40b07aac0ca060c23ee'),
(1188, '134851130110', 'Dianti Faradisa', 19, 'Siswa', 'ee11cbb19052e40b07aac0ca060c23ee'),
(1189, '134861131110', 'Dian Rafika Sari', 19, 'Siswa', 'ee11cbb19052e40b07aac0ca060c23ee'),
(1190, '134871132110', 'Dila Sari Husniawati', 19, 'Siswa', 'ee11cbb19052e40b07aac0ca060c23ee'),
(1191, '134881133110', 'Dina Septiyana', 19, 'Siswa', 'ee11cbb19052e40b07aac0ca060c23ee'),
(1192, '134891134110', 'Dwi Agustin Salsabila', 19, 'Siswa', 'ee11cbb19052e40b07aac0ca060c23ee'),
(1193, '134901135110', 'Eka Nurjana Hartia Ningsih ', 19, 'Siswa', 'ee11cbb19052e40b07aac0ca060c23ee'),
(1194, '134911136110', 'Eka Tria Yuliati Sari', 19, 'Siswa', 'ee11cbb19052e40b07aac0ca060c23ee'),
(1195, '134921137110', 'Ela Lailatus Sa\'Diyah', 19, 'Siswa', 'ee11cbb19052e40b07aac0ca060c23ee'),
(1196, '134931138110', 'Febriana Arofatul Hikmah', 19, 'Siswa', 'ee11cbb19052e40b07aac0ca060c23ee'),
(1197, '134941139110', 'Ferlin Fita Anggraini', 19, 'Siswa', 'ee11cbb19052e40b07aac0ca060c23ee'),
(1198, '134951140110', 'Fiqi Ro\'Faturrohmah', 19, 'Siswa', 'ee11cbb19052e40b07aac0ca060c23ee'),
(1199, '134961141110', 'Firja Diki Renaldi', 19, 'Siswa', 'ee11cbb19052e40b07aac0ca060c23ee'),
(1200, '134971142110', 'Fitri Nur Aini', 19, 'Siswa', 'ee11cbb19052e40b07aac0ca060c23ee'),
(1201, '134981143110', 'Friska Septiani Pratiwi', 19, 'Siswa', 'ee11cbb19052e40b07aac0ca060c23ee'),
(1202, '134991144110', 'Geby Diva Gladys Saskia', 19, 'Siswa', 'ee11cbb19052e40b07aac0ca060c23ee'),
(1203, '135001145110', 'Halimatus Sa\'Diyah', 19, 'Siswa', 'ee11cbb19052e40b07aac0ca060c23ee'),
(1204, '135011146110', 'Herlina Rahmawati', 19, 'Siswa', 'ee11cbb19052e40b07aac0ca060c23ee'),
(1205, '135021147110', 'Holifatul Aminah', 20, 'Siswa', 'ee11cbb19052e40b07aac0ca060c23ee'),
(1206, '135031148110', 'Holilatur Rohmah', 20, 'Siswa', 'ee11cbb19052e40b07aac0ca060c23ee'),
(1207, '135041149110', 'Ibnu Fatah Trimandani', 20, 'Siswa', 'ee11cbb19052e40b07aac0ca060c23ee'),
(1208, '135051150110', 'Iswatun Hasanah', 20, 'Siswa', 'ee11cbb19052e40b07aac0ca060c23ee'),
(1209, '135061151110', 'Imelda Prastika Sari', 20, 'Siswa', 'ee11cbb19052e40b07aac0ca060c23ee'),
(1210, '135071152110', 'Imroatus Saliqa', 20, 'Siswa', 'ee11cbb19052e40b07aac0ca060c23ee'),
(1211, '135081153110', 'Indah Yulia Sinta', 20, 'Siswa', 'ee11cbb19052e40b07aac0ca060c23ee'),
(1212, '135091154110', 'Indri Fariska Ainur Nabila', 20, 'Siswa', 'ee11cbb19052e40b07aac0ca060c23ee'),
(1213, '135101155110', 'Iqbal Dhikri Ramadhani', 20, 'Siswa', 'ee11cbb19052e40b07aac0ca060c23ee'),
(1214, '135111156110', 'Kannia Oktaviani', 20, 'Siswa', 'ee11cbb19052e40b07aac0ca060c23ee'),
(1215, '135121157110', 'Kurnia Trioctia', 20, 'Siswa', 'ee11cbb19052e40b07aac0ca060c23ee'),
(1216, '135131158110', 'Lailatul Istiqomah', 20, 'Siswa', 'ee11cbb19052e40b07aac0ca060c23ee'),
(1217, '135141159110', 'Laura Amanda', 20, 'Siswa', 'ee11cbb19052e40b07aac0ca060c23ee'),
(1218, '135151160110', 'Luluk Wahida', 20, 'Siswa', 'ee11cbb19052e40b07aac0ca060c23ee'),
(1219, '135161161110', 'Lutfia Nurul Yunita ', 20, 'Siswa', 'ee11cbb19052e40b07aac0ca060c23ee'),
(1220, '135171162110', 'M. Ainur Rofik', 20, 'Siswa', 'ee11cbb19052e40b07aac0ca060c23ee'),
(1221, '135181163110', 'Maulidina Dewi', 20, 'Siswa', 'ee11cbb19052e40b07aac0ca060c23ee'),
(1222, '135191164110', 'Miftahul Jannah', 20, 'Siswa', 'ee11cbb19052e40b07aac0ca060c23ee'),
(1223, '135201165110', 'Muhammad Haris', 20, 'Siswa', 'ee11cbb19052e40b07aac0ca060c23ee'),
(1224, '135211166110', 'Muhammad Holili', 20, 'Siswa', 'ee11cbb19052e40b07aac0ca060c23ee'),
(1225, '135221167110', 'Muhammad Rifqi Maulana', 20, 'Siswa', 'ee11cbb19052e40b07aac0ca060c23ee'),
(1226, '135231168110', 'Muhammad Rofi\'I', 20, 'Siswa', 'ee11cbb19052e40b07aac0ca060c23ee'),
(1227, '135241169110', 'Muhimatul Khoiroh ', 20, 'Siswa', 'ee11cbb19052e40b07aac0ca060c23ee'),
(1228, '135251170110', 'Nadila Eka Ramadhani', 20, 'Siswa', 'ee11cbb19052e40b07aac0ca060c23ee'),
(1229, '135261171110', 'Nanda Ayu Hidayati', 20, 'Siswa', 'ee11cbb19052e40b07aac0ca060c23ee'),
(1230, '135271172110', 'Nanda Dwi Ulfa Yuniati', 20, 'Siswa', 'ee11cbb19052e40b07aac0ca060c23ee'),
(1231, '135281173110', 'Nihar Susanti', 20, 'Siswa', 'ee11cbb19052e40b07aac0ca060c23ee'),
(1232, '135291174110', 'Novia Ramadhani', 20, 'Siswa', 'ee11cbb19052e40b07aac0ca060c23ee'),
(1233, '135301175110', 'Novita Romadoni', 20, 'Siswa', 'ee11cbb19052e40b07aac0ca060c23ee'),
(1234, '135311176110', 'Nur Jannah', 20, 'Siswa', 'ee11cbb19052e40b07aac0ca060c23ee'),
(1235, '135321177110', 'Nur Sheilla Dwi Rahmawati', 20, 'Siswa', 'ee11cbb19052e40b07aac0ca060c23ee'),
(1236, '135331178110', 'Nurul Faizatus Zakiyah', 20, 'Siswa', 'ee11cbb19052e40b07aac0ca060c23ee'),
(1237, '135341179110', 'Oksana Al Yadini Federofa', 20, 'Siswa', 'ee11cbb19052e40b07aac0ca060c23ee'),
(1238, '135351180110', 'Popy Amarita Wardatul Janah', 20, 'Siswa', 'ee11cbb19052e40b07aac0ca060c23ee'),
(1239, '135361181110', 'Puji Prihartini', 20, 'Siswa', 'ee11cbb19052e40b07aac0ca060c23ee'),
(1240, '135371182110', 'Putri Adelia Wulandari', 20, 'Siswa', 'ee11cbb19052e40b07aac0ca060c23ee'),
(1241, '135381183110', 'Putri Arifiani ', 21, 'Siswa', 'ee11cbb19052e40b07aac0ca060c23ee'),
(1242, '135401185110', 'Putri Nidiawati', 21, 'Siswa', 'ee11cbb19052e40b07aac0ca060c23ee'),
(1243, '135411186110', 'Putri Novita Anggraini', 21, 'Siswa', 'ee11cbb19052e40b07aac0ca060c23ee'),
(1244, '135421187110', 'Putri Zenia Abita Shava ', 21, 'Siswa', 'ee11cbb19052e40b07aac0ca060c23ee'),
(1245, '135431188110', 'Rafi Agil Amanullah', 21, 'Siswa', 'ee11cbb19052e40b07aac0ca060c23ee'),
(1246, '135441189110', 'Rahmat Agung Riadi', 21, 'Siswa', 'ee11cbb19052e40b07aac0ca060c23ee'),
(1247, '135451190110', 'Rona Kusuma', 21, 'Siswa', 'ee11cbb19052e40b07aac0ca060c23ee'),
(1248, '135461191110', 'Retasya Isni Nabila', 21, 'Siswa', 'ee11cbb19052e40b07aac0ca060c23ee'),
(1249, '135471192110', 'Revi Wahyu Agustin', 21, 'Siswa', 'ee11cbb19052e40b07aac0ca060c23ee'),
(1250, '135481193110', 'Ria Ayu Fatmala', 21, 'Siswa', 'ee11cbb19052e40b07aac0ca060c23ee'),
(1251, '135491194110', 'Riris Widayanti', 21, 'Siswa', 'ee11cbb19052e40b07aac0ca060c23ee'),
(1252, '135501195110', 'Riska Ardiana', 21, 'Siswa', 'ee11cbb19052e40b07aac0ca060c23ee'),
(1253, '135511196110', 'Rizki Novia Rhomadanti', 21, 'Siswa', 'ee11cbb19052e40b07aac0ca060c23ee'),
(1254, '135521197110', 'Rohmatul Hildayanti', 21, 'Siswa', 'ee11cbb19052e40b07aac0ca060c23ee'),
(1255, '135531198110', 'Roni', 21, 'Siswa', 'ee11cbb19052e40b07aac0ca060c23ee'),
(1256, '135541199110', 'Santi Indriani', 21, 'Siswa', 'ee11cbb19052e40b07aac0ca060c23ee'),
(1257, '135551200110', 'Sarofa', 21, 'Siswa', 'ee11cbb19052e40b07aac0ca060c23ee'),
(1258, '135561201110', 'Septi Nur Fadila', 21, 'Siswa', 'ee11cbb19052e40b07aac0ca060c23ee'),
(1259, '135571202110', 'Serly Widi Syafitri', 21, 'Siswa', 'ee11cbb19052e40b07aac0ca060c23ee'),
(1260, '135581203110', 'Sherly Aprilliani', 21, 'Siswa', 'ee11cbb19052e40b07aac0ca060c23ee'),
(1261, '135591204110', 'Shofiatuz Zakkiyah', 21, 'Siswa', 'ee11cbb19052e40b07aac0ca060c23ee'),
(1262, '135601205110', 'Shovia Nur Aida', 21, 'Siswa', 'ee11cbb19052e40b07aac0ca060c23ee'),
(1263, '135611206110', 'Silvi Amelia', 21, 'Siswa', 'ee11cbb19052e40b07aac0ca060c23ee'),
(1264, '135621207110', 'Silvia Nur Khoiriyah', 21, 'Siswa', 'ee11cbb19052e40b07aac0ca060c23ee'),
(1265, '135631208110', 'Sintiya Nur Azizah', 21, 'Siswa', 'ee11cbb19052e40b07aac0ca060c23ee'),
(1266, '135641209110', 'Siti Barokah', 21, 'Siswa', 'ee11cbb19052e40b07aac0ca060c23ee'),
(1267, '135651210110', 'Siti Soleha', 21, 'Siswa', 'ee11cbb19052e40b07aac0ca060c23ee'),
(1268, '135661211110', 'Sitti Ifatul Afifah', 21, 'Siswa', 'ee11cbb19052e40b07aac0ca060c23ee'),
(1269, '135671212110', 'Tabita Inri Anggreni', 21, 'Siswa', 'ee11cbb19052e40b07aac0ca060c23ee'),
(1270, '135681213110', 'Tania Firgelia Defany', 21, 'Siswa', 'ee11cbb19052e40b07aac0ca060c23ee'),
(1271, '135691214110', 'Temon Kusniyanto', 21, 'Siswa', 'ee11cbb19052e40b07aac0ca060c23ee'),
(1272, '135701215110', 'Vera Yuliana', 21, 'Siswa', 'ee11cbb19052e40b07aac0ca060c23ee'),
(1273, '135711216110', 'Vina Febbyansyah', 21, 'Siswa', 'ee11cbb19052e40b07aac0ca060c23ee'),
(1274, '135721217110', 'Yani Kurniawati', 21, 'Siswa', 'ee11cbb19052e40b07aac0ca060c23ee'),
(1275, '135731218110', 'Yuyun Ismidiya', 21, 'Siswa', 'ee11cbb19052e40b07aac0ca060c23ee'),
(1276, '135743426111', 'Ade Tri Wardani', 28, 'Siswa', 'ee11cbb19052e40b07aac0ca060c23ee'),
(1277, '135753427111', 'Adi Wijayanto', 28, 'Siswa', 'ee11cbb19052e40b07aac0ca060c23ee'),
(1278, '135763428111', 'Ahmad Afit', 28, 'Siswa', 'ee11cbb19052e40b07aac0ca060c23ee'),
(1279, '135773429111', 'Alfin Nofrianto', 28, 'Siswa', 'ee11cbb19052e40b07aac0ca060c23ee'),
(1280, '135783430111', 'Alfina Damayanti', 28, 'Siswa', 'ee11cbb19052e40b07aac0ca060c23ee'),
(1281, '135793431111', 'Ali Rohman Wafi', 28, 'Siswa', 'ee11cbb19052e40b07aac0ca060c23ee'),
(1282, '135803432111', 'Ana Silvia', 28, 'Siswa', 'ee11cbb19052e40b07aac0ca060c23ee'),
(1283, '135813433111', 'Anggi Rahma Diana', 28, 'Siswa', 'ee11cbb19052e40b07aac0ca060c23ee'),
(1284, '135823434111', 'Ariska Duta Sari', 28, 'Siswa', 'ee11cbb19052e40b07aac0ca060c23ee'),
(1285, '135833435111', 'Aulia Meirifa Putri', 28, 'Siswa', 'ee11cbb19052e40b07aac0ca060c23ee'),
(1286, '135843436111', 'Awanda Maulidia', 28, 'Siswa', 'ee11cbb19052e40b07aac0ca060c23ee'),
(1287, '135853437111', 'Bintang Putri Ardani', 28, 'Siswa', 'ee11cbb19052e40b07aac0ca060c23ee'),
(1288, '135863438111', 'Catur Ninda Safira', 28, 'Siswa', 'ee11cbb19052e40b07aac0ca060c23ee'),
(1289, '135873439111', 'Cindy Luthfiana Ganie', 28, 'Siswa', 'ee11cbb19052e40b07aac0ca060c23ee'),
(1290, '135883440111', 'Della Auvika', 28, 'Siswa', 'ee11cbb19052e40b07aac0ca060c23ee'),
(1291, '135893441111', 'Delvi Raudatul Jannah', 28, 'Siswa', 'ee11cbb19052e40b07aac0ca060c23ee'),
(1292, '135903442111', 'Dian Novianti', 28, 'Siswa', 'ee11cbb19052e40b07aac0ca060c23ee'),
(1293, '135913443111', 'Diana Bela Aldana', 28, 'Siswa', 'ee11cbb19052e40b07aac0ca060c23ee'),
(1294, '135923444111', 'Dinara Safina Aprillia Rachman', 28, 'Siswa', 'ee11cbb19052e40b07aac0ca060c23ee'),
(1295, '135933445111', 'Dwi Intan Sari', 28, 'Siswa', 'ee11cbb19052e40b07aac0ca060c23ee'),
(1296, '135953447111', 'Elin Mimin Lestri', 28, 'Siswa', 'ee11cbb19052e40b07aac0ca060c23ee'),
(1297, '135963448111', 'Endang Sriwahyu Arini', 28, 'Siswa', 'ee11cbb19052e40b07aac0ca060c23ee'),
(1298, '135973449111', 'Endang Wasis', 28, 'Siswa', 'ee11cbb19052e40b07aac0ca060c23ee'),
(1299, '135983450111', 'Erlis Oktafiani', 28, 'Siswa', 'ee11cbb19052e40b07aac0ca060c23ee'),
(1300, '135993451111', 'Faizah Azmi Aulia', 28, 'Siswa', 'ee11cbb19052e40b07aac0ca060c23ee'),
(1301, '136003452111', 'Faradilla Nur Aini', 28, 'Siswa', 'ee11cbb19052e40b07aac0ca060c23ee'),
(1302, '136013453111', 'Farah Leony Hafinah Maniagala', 28, 'Siswa', 'ee11cbb19052e40b07aac0ca060c23ee'),
(1303, '136023454111', 'Fariyatul Husnah', 28, 'Siswa', 'ee11cbb19052e40b07aac0ca060c23ee'),
(1304, '136033455111', 'Fefy Dwi Aryantika ', 28, 'Siswa', 'ee11cbb19052e40b07aac0ca060c23ee'),
(1305, '136043456111', 'Firdiyanto Efendi', 28, 'Siswa', 'ee11cbb19052e40b07aac0ca060c23ee'),
(1306, '136053457111', 'Firman Hermansyah', 28, 'Siswa', 'ee11cbb19052e40b07aac0ca060c23ee'),
(1307, '136063458111', 'Frisca Yuniar Dwi Lestari ', 28, 'Siswa', 'ee11cbb19052e40b07aac0ca060c23ee'),
(1308, '136073459111', 'Gabriella Kristalinawati', 28, 'Siswa', 'ee11cbb19052e40b07aac0ca060c23ee'),
(1309, '136083460111', 'Grendis Amelia Putri', 28, 'Siswa', 'ee11cbb19052e40b07aac0ca060c23ee'),
(1310, '136093461111', 'Hajah Siti Al Komariah', 28, 'Siswa', 'ee11cbb19052e40b07aac0ca060c23ee'),
(1311, '136103462111', 'Hamida', 28, 'Siswa', 'ee11cbb19052e40b07aac0ca060c23ee'),
(1312, '136123464111', 'Intan Bulqis Humairoh', 29, 'Siswa', 'ee11cbb19052e40b07aac0ca060c23ee'),
(1313, '136133465111', 'Intan Paramitha Putri', 29, 'Siswa', 'ee11cbb19052e40b07aac0ca060c23ee'),
(1314, '136143466111', 'Ismawati', 29, 'Siswa', 'ee11cbb19052e40b07aac0ca060c23ee'),
(1315, '136153467111', 'Istiqomah', 29, 'Siswa', 'ee11cbb19052e40b07aac0ca060c23ee'),
(1316, '136163468111', 'Kholifatul Hasanah', 29, 'Siswa', 'ee11cbb19052e40b07aac0ca060c23ee'),
(1317, '136173469111', 'Kiki Aliyah', 29, 'Siswa', 'ee11cbb19052e40b07aac0ca060c23ee'),
(1318, '136183470111', 'Lailia Prizenza', 29, 'Siswa', 'ee11cbb19052e40b07aac0ca060c23ee'),
(1319, '136193471111', 'Liana Rahmawati', 29, 'Siswa', 'ee11cbb19052e40b07aac0ca060c23ee'),
(1320, '136203472111', 'Lucky Lukmanda', 29, 'Siswa', 'ee11cbb19052e40b07aac0ca060c23ee'),
(1321, '136223474111', 'Muhammad Risky Ramadhan', 29, 'Siswa', 'ee11cbb19052e40b07aac0ca060c23ee'),
(1322, '136233475111', 'Maulana Achmad Krisnadi', 29, 'Siswa', 'ee11cbb19052e40b07aac0ca060c23ee'),
(1323, '136253477111', 'Mega Kurnia', 29, 'Siswa', 'ee11cbb19052e40b07aac0ca060c23ee'),
(1324, '136263478111', 'Mita Cahyani', 29, 'Siswa', 'ee11cbb19052e40b07aac0ca060c23ee'),
(1325, '136273479111', 'Moh. Fikri Hidayatullah', 29, 'Siswa', 'ee11cbb19052e40b07aac0ca060c23ee'),
(1326, '136283480111', 'Mohammad Riza Ainulyaqin', 29, 'Siswa', 'ee11cbb19052e40b07aac0ca060c23ee'),
(1327, '136293481111', 'Mohammad Afrizal Maulana', 29, 'Siswa', 'ee11cbb19052e40b07aac0ca060c23ee'),
(1328, '136303482111', 'Muhammad Aldi', 29, 'Siswa', 'ee11cbb19052e40b07aac0ca060c23ee'),
(1329, '136313483111', 'Mohammad Abdur Rohim', 29, 'Siswa', 'ee11cbb19052e40b07aac0ca060c23ee'),
(1330, '136323484111', 'Muhammad Agus Rianto', 29, 'Siswa', 'ee11cbb19052e40b07aac0ca060c23ee'),
(1331, '136333485111', 'Muhammad Mahrus', 29, 'Siswa', 'ee11cbb19052e40b07aac0ca060c23ee'),
(1332, '136343486111', 'Muhammad Ulin Nadhir', 29, 'Siswa', 'ee11cbb19052e40b07aac0ca060c23ee'),
(1333, '136353487111', 'Nabila Faizuz Zilma ', 29, 'Siswa', 'ee11cbb19052e40b07aac0ca060c23ee'),
(1334, '136363488111', 'Nadila Handayani', 29, 'Siswa', 'ee11cbb19052e40b07aac0ca060c23ee'),
(1335, '136373489111', 'Nala Rohmatul Izzah', 29, 'Siswa', 'ee11cbb19052e40b07aac0ca060c23ee'),
(1336, '136383490111', 'Nova Dwi Lestari', 29, 'Siswa', 'ee11cbb19052e40b07aac0ca060c23ee'),
(1337, '136393491111', 'Nur Aini Wahyuni', 29, 'Siswa', 'ee11cbb19052e40b07aac0ca060c23ee'),
(1338, '136403492111', 'Nur Huda', 29, 'Siswa', 'ee11cbb19052e40b07aac0ca060c23ee'),
(1339, '136413493111', 'Nur Ilhamiyatus .S.', 29, 'Siswa', 'ee11cbb19052e40b07aac0ca060c23ee'),
(1340, '136423494111', 'Nurfadila', 29, 'Siswa', 'ee11cbb19052e40b07aac0ca060c23ee'),
(1341, '136433495111', 'Nuril Laili Vebrianti', 29, 'Siswa', 'ee11cbb19052e40b07aac0ca060c23ee'),
(1342, '136443496111', 'Nurul Aida', 29, 'Siswa', 'ee11cbb19052e40b07aac0ca060c23ee'),
(1343, '136453497111', 'Nurul Hikmah', 29, 'Siswa', 'ee11cbb19052e40b07aac0ca060c23ee'),
(1344, '136463498111', 'Nurul Maulida', 29, 'Siswa', 'ee11cbb19052e40b07aac0ca060c23ee'),
(1345, '136473499111', 'Oktavia Anggraeni', 30, 'Siswa', 'ee11cbb19052e40b07aac0ca060c23ee'),
(1346, '136483500111', 'Prasia Bila Anggra Lazuba', 30, 'Siswa', 'ee11cbb19052e40b07aac0ca060c23ee'),
(1347, '136493501111', 'Putri Andriyani', 30, 'Siswa', 'ee11cbb19052e40b07aac0ca060c23ee'),
(1348, '136503502111', 'Putri Dwi Cahyani', 30, 'Siswa', 'ee11cbb19052e40b07aac0ca060c23ee'),
(1349, '136513503111', 'Putri Susanti', 30, 'Siswa', 'ee11cbb19052e40b07aac0ca060c23ee'),
(1350, '136523504111', 'Putri Yulia Alamanda', 30, 'Siswa', 'ee11cbb19052e40b07aac0ca060c23ee'),
(1351, '136533505111', 'Raudlatul Jannah', 30, 'Siswa', 'ee11cbb19052e40b07aac0ca060c23ee'),
(1352, '136543506111', 'Riska Farhatin', 30, 'Siswa', 'ee11cbb19052e40b07aac0ca060c23ee'),
(1353, '136553507111', 'Risma Widiana', 30, 'Siswa', 'ee11cbb19052e40b07aac0ca060c23ee'),
(1354, '136563508111', 'Rosida Fara', 30, 'Siswa', 'ee11cbb19052e40b07aac0ca060c23ee'),
(1355, '136573509111', 'Rosita Dwi Amelia', 30, 'Siswa', 'ee11cbb19052e40b07aac0ca060c23ee'),
(1356, '136583510111', 'Rosyadatul Ifada', 30, 'Siswa', 'ee11cbb19052e40b07aac0ca060c23ee'),
(1357, '136593511111', 'Safiera Nur Ramadhani ', 30, 'Siswa', 'ee11cbb19052e40b07aac0ca060c23ee'),
(1358, '136603512111', 'Sagita Nurul Ula', 30, 'Siswa', 'ee11cbb19052e40b07aac0ca060c23ee'),
(1359, '136613513111', 'Syaiful Bahri', 30, 'Siswa', 'ee11cbb19052e40b07aac0ca060c23ee'),
(1360, '136623514111', 'Silvi Salavi Sauqina', 30, 'Siswa', 'ee11cbb19052e40b07aac0ca060c23ee'),
(1361, '136633515111', 'Silvia Herawanti', 30, 'Siswa', 'ee11cbb19052e40b07aac0ca060c23ee'),
(1362, '136643516111', 'Siti Nuraini Holwati', 30, 'Siswa', 'ee11cbb19052e40b07aac0ca060c23ee'),
(1363, '136653517111', 'Siti Rusmiati', 30, 'Siswa', 'ee11cbb19052e40b07aac0ca060c23ee'),
(1364, '136673519111', 'Tasya Nofianti', 30, 'Siswa', 'ee11cbb19052e40b07aac0ca060c23ee'),
(1365, '136683520111', 'Theo Fran Ardianto', 30, 'Siswa', 'ee11cbb19052e40b07aac0ca060c23ee'),
(1366, '136693521111', 'Titin Wulandari', 30, 'Siswa', 'ee11cbb19052e40b07aac0ca060c23ee'),
(1367, '136703522111', 'Ulfa Amelia Rahmadhani', 30, 'Siswa', 'ee11cbb19052e40b07aac0ca060c23ee'),
(1368, '136713523111', 'Ummi Datul Faizah', 30, 'Siswa', 'ee11cbb19052e40b07aac0ca060c23ee'),
(1369, '136723524111', 'Veni Febrianti', 30, 'Siswa', 'ee11cbb19052e40b07aac0ca060c23ee'),
(1370, '136733525111', 'Vera Febriyanti', 30, 'Siswa', 'ee11cbb19052e40b07aac0ca060c23ee'),
(1371, '136743526111', 'Vindi Pratiwi Inggarsari', 30, 'Siswa', 'ee11cbb19052e40b07aac0ca060c23ee'),
(1372, '136753527111', 'Wahyu Widyaningrum', 30, 'Siswa', 'ee11cbb19052e40b07aac0ca060c23ee'),
(1373, '136763528111', 'Wanda Dwi Anggraeni', 30, 'Siswa', 'ee11cbb19052e40b07aac0ca060c23ee'),
(1374, '136773529111', 'Windy Dwi Aprilia Susanti', 30, 'Siswa', 'ee11cbb19052e40b07aac0ca060c23ee'),
(1375, '136783530111', 'Wirdatuz Zakiyah', 30, 'Siswa', 'ee11cbb19052e40b07aac0ca060c23ee'),
(1376, '136793531111', 'Yoga Maulana Saputra', 30, 'Siswa', 'ee11cbb19052e40b07aac0ca060c23ee'),
(1377, '136803532111', 'Yudha Pratama Putra', 30, 'Siswa', 'ee11cbb19052e40b07aac0ca060c23ee'),
(1378, '136813533111', 'Yuliana Sari Arifin', 30, 'Siswa', 'ee11cbb19052e40b07aac0ca060c23ee'),
(1379, '136823534111', 'Zakya Fataya Syahar', 30, 'Siswa', 'ee11cbb19052e40b07aac0ca060c23ee'),
(1380, '133551141108', 'Abdurrahman Wahid', 39, 'Siswa', 'ee11cbb19052e40b07aac0ca060c23ee'),
(1381, '133561142108', 'Affrilia Nuraini', 39, 'Siswa', 'ee11cbb19052e40b07aac0ca060c23ee'),
(1382, '133571143108', 'Agus Dwi Prayoga', 39, 'Siswa', 'ee11cbb19052e40b07aac0ca060c23ee'),
(1383, '133581144108', 'Ahmad Sodiq', 39, 'Siswa', 'ee11cbb19052e40b07aac0ca060c23ee'),
(1384, '133591145108', 'Ahmad Solehhudin', 39, 'Siswa', 'ee11cbb19052e40b07aac0ca060c23ee'),
(1385, '133601146108', 'Ahmadi', 39, 'Siswa', 'ee11cbb19052e40b07aac0ca060c23ee'),
(1386, '133611147108', 'Alfiyah Nur Zahiroh', 39, 'Siswa', 'ee11cbb19052e40b07aac0ca060c23ee'),
(1387, '133621148108', 'Alisa', 39, 'Siswa', 'ee11cbb19052e40b07aac0ca060c23ee'),
(1388, '133631149108', 'Alvan Evaris', 39, 'Siswa', 'ee11cbb19052e40b07aac0ca060c23ee'),
(1389, '133641150108', 'Alvin Nizar ', 39, 'Siswa', 'ee11cbb19052e40b07aac0ca060c23ee'),
(1390, '133651151108', 'Amanda Ezalya Putri', 39, 'Siswa', 'ee11cbb19052e40b07aac0ca060c23ee'),
(1391, '133661152108', 'Ananda Wulandari', 39, 'Siswa', 'ee11cbb19052e40b07aac0ca060c23ee'),
(1392, '133671153108', 'Anisa Abni Wulandari ', 39, 'Siswa', 'ee11cbb19052e40b07aac0ca060c23ee'),
(1393, '133681154108', 'Ariski Febriyanto', 39, 'Siswa', 'ee11cbb19052e40b07aac0ca060c23ee'),
(1394, '133701156108', 'Ayu Febriyani', 39, 'Siswa', 'ee11cbb19052e40b07aac0ca060c23ee'),
(1395, '133711157108', 'Ayuni Nur Amalia Safira', 39, 'Siswa', 'ee11cbb19052e40b07aac0ca060c23ee'),
(1396, '133721158108', 'Bayu Anggara', 39, 'Siswa', 'ee11cbb19052e40b07aac0ca060c23ee'),
(1397, '133731159108', 'David Bintang Suci Ramadhan', 39, 'Siswa', 'ee11cbb19052e40b07aac0ca060c23ee'),
(1398, '133741160108', 'Della Julia Safira', 39, 'Siswa', 'ee11cbb19052e40b07aac0ca060c23ee'),
(1399, '133751161108', 'Devi Ananda Emilia', 39, 'Siswa', 'ee11cbb19052e40b07aac0ca060c23ee'),
(1400, '133761162108', 'Dewi Pujiana', 39, 'Siswa', 'ee11cbb19052e40b07aac0ca060c23ee'),
(1401, '133771163108', 'Dina Novita', 39, 'Siswa', 'ee11cbb19052e40b07aac0ca060c23ee'),
(1402, '133781164108', 'Dwi Dahlia Pratiwi', 39, 'Siswa', 'ee11cbb19052e40b07aac0ca060c23ee'),
(1403, '133791165108', 'Dwi Okta Novalia', 39, 'Siswa', 'ee11cbb19052e40b07aac0ca060c23ee'),
(1404, '133801166108', 'Eka Mala Bayu Pradita', 39, 'Siswa', 'ee11cbb19052e40b07aac0ca060c23ee'),
(1405, '133811167108', 'Eksan Trio Maulana', 39, 'Siswa', 'ee11cbb19052e40b07aac0ca060c23ee'),
(1406, '133821168108', 'Erina Septi Maulisa', 39, 'Siswa', 'ee11cbb19052e40b07aac0ca060c23ee'),
(1407, '133831169108', 'Fahreza Warna Alegra', 39, 'Siswa', 'ee11cbb19052e40b07aac0ca060c23ee'),
(1408, '133841170108', 'Febriliya', 39, 'Siswa', 'ee11cbb19052e40b07aac0ca060c23ee'),
(1409, '133851171108', 'Ferdiansyah', 39, 'Siswa', 'ee11cbb19052e40b07aac0ca060c23ee'),
(1410, '133861172108', 'Fina Diana Wati', 39, 'Siswa', 'ee11cbb19052e40b07aac0ca060c23ee'),
(1411, '133881174108', 'Ginanda Faqih Rahmadani', 39, 'Siswa', 'ee11cbb19052e40b07aac0ca060c23ee'),
(1412, '133901176108', 'Hamidatus Zahro', 39, 'Siswa', 'ee11cbb19052e40b07aac0ca060c23ee'),
(1413, '133921178108', 'Hesti Kusumaning Hayati', 40, 'Siswa', 'ee11cbb19052e40b07aac0ca060c23ee'),
(1414, '133931179108', 'Ivan Afandi', 40, 'Siswa', 'ee11cbb19052e40b07aac0ca060c23ee'),
(1415, '133941180108', 'Ika Alfiatin Ning Tias', 40, 'Siswa', 'ee11cbb19052e40b07aac0ca060c23ee'),
(1416, '133951181108', 'Ilham Ramadhani', 40, 'Siswa', 'ee11cbb19052e40b07aac0ca060c23ee'),
(1417, '133961182108', 'Ilma Hidayatur Rofida', 40, 'Siswa', 'ee11cbb19052e40b07aac0ca060c23ee'),
(1418, '133991185108', 'Indah Ayu Dewi Fadila', 40, 'Siswa', 'ee11cbb19052e40b07aac0ca060c23ee'),
(1419, '134001186108', 'Indah Permatasari', 40, 'Siswa', 'ee11cbb19052e40b07aac0ca060c23ee'),
(1420, '134031189108', 'Irfan Efendi', 40, 'Siswa', 'ee11cbb19052e40b07aac0ca060c23ee'),
(1421, '134041190108', 'Ismail Marzuki', 40, 'Siswa', 'ee11cbb19052e40b07aac0ca060c23ee'),
(1422, '134051191108', 'Ismatul Maula', 40, 'Siswa', 'ee11cbb19052e40b07aac0ca060c23ee'),
(1423, '134061192108', 'Jamila', 40, 'Siswa', 'ee11cbb19052e40b07aac0ca060c23ee'),
(1424, '134071193108', 'Jannatul Fitria ', 40, 'Siswa', 'ee11cbb19052e40b07aac0ca060c23ee'),
(1425, '134081194108', 'Khusnul Khotimah', 40, 'Siswa', 'ee11cbb19052e40b07aac0ca060c23ee'),
(1426, '134091195108', 'Kholifah Fitriya Ningsih', 40, 'Siswa', 'ee11cbb19052e40b07aac0ca060c23ee'),
(1427, '134101196108', 'Lisa Meilany', 40, 'Siswa', 'ee11cbb19052e40b07aac0ca060c23ee'),
(1428, '134111197108', 'Lolak Wulandari', 40, 'Siswa', 'ee11cbb19052e40b07aac0ca060c23ee'),
(1429, '134121198108', 'M. Bagas Maulana', 40, 'Siswa', 'ee11cbb19052e40b07aac0ca060c23ee'),
(1430, '134131199108', 'Masyhud Habibulloh', 40, 'Siswa', 'ee11cbb19052e40b07aac0ca060c23ee'),
(1431, '134141200108', 'Moh. Andika Zakaria', 40, 'Siswa', 'ee11cbb19052e40b07aac0ca060c23ee'),
(1432, '134161202108', 'Moh.Rohim Aliyudin', 40, 'Siswa', 'ee11cbb19052e40b07aac0ca060c23ee'),
(1433, '134171203108', 'Mohammad Kevin Wijaya', 40, 'Siswa', 'ee11cbb19052e40b07aac0ca060c23ee'),
(1434, '134181204108', 'Mohammad Roki', 40, 'Siswa', 'ee11cbb19052e40b07aac0ca060c23ee'),
(1435, '134191205108', 'Mohammad Suudi', 40, 'Siswa', 'ee11cbb19052e40b07aac0ca060c23ee'),
(1436, '134201206108', 'Muh. Sadid', 40, 'Siswa', 'ee11cbb19052e40b07aac0ca060c23ee'),
(1437, '134211207108', 'Muhammad Ariyanto', 40, 'Siswa', 'ee11cbb19052e40b07aac0ca060c23ee'),
(1438, '134221208108', 'Muhammad Fathur Romi', 40, 'Siswa', 'ee11cbb19052e40b07aac0ca060c23ee'),
(1439, '134231209108', 'Muhammad Ferry Saputra', 40, 'Siswa', 'ee11cbb19052e40b07aac0ca060c23ee'),
(1440, '134241210108', 'Muhammad Hamdani', 40, 'Siswa', 'ee11cbb19052e40b07aac0ca060c23ee'),
(1441, '134251211108', 'Muhammad Irvan', 40, 'Siswa', 'ee11cbb19052e40b07aac0ca060c23ee'),
(1442, '134261212108', 'M. Nurul Yaqin', 40, 'Siswa', 'ee11cbb19052e40b07aac0ca060c23ee'),
(1443, '134271213108', 'Muhammad Risqi Mubarok', 40, 'Siswa', 'ee11cbb19052e40b07aac0ca060c23ee'),
(1444, '134281214108', 'Muhammad Rizky Asrofi', 40, 'Siswa', 'ee11cbb19052e40b07aac0ca060c23ee'),
(1445, '134301216108', 'Muhammad Sahrul Abidin', 41, 'Siswa', 'ee11cbb19052e40b07aac0ca060c23ee'),
(1446, '134311217108', 'Nabila Winarto', 41, 'Siswa', 'ee11cbb19052e40b07aac0ca060c23ee'),
(1447, '134321218108', 'Nabilatus Shoimah', 41, 'Siswa', 'ee11cbb19052e40b07aac0ca060c23ee'),
(1448, '134331219108', 'Nadia', 41, 'Siswa', 'ee11cbb19052e40b07aac0ca060c23ee'),
(1449, '134341220108', 'Nanda Ilham Akbar', 41, 'Siswa', 'ee11cbb19052e40b07aac0ca060c23ee'),
(1450, '134351221108', 'Nanik Diana Putri', 41, 'Siswa', 'ee11cbb19052e40b07aac0ca060c23ee'),
(1451, '134361222108', 'Novita Fitriani', 41, 'Siswa', 'ee11cbb19052e40b07aac0ca060c23ee'),
(1452, '134371223108', 'Novita Nur Aprianti', 41, 'Siswa', 'ee11cbb19052e40b07aac0ca060c23ee'),
(1453, '134381224108', 'Nur Aisah', 41, 'Siswa', 'ee11cbb19052e40b07aac0ca060c23ee'),
(1454, '134391225108', 'Qurrotun Mukarromah', 41, 'Siswa', 'ee11cbb19052e40b07aac0ca060c23ee'),
(1455, '134401226108', 'Rahma Selfia', 41, 'Siswa', 'ee11cbb19052e40b07aac0ca060c23ee'),
(1456, '134411227108', 'Resinta Evrata Ningrum', 41, 'Siswa', 'ee11cbb19052e40b07aac0ca060c23ee'),
(1457, '134421228108', 'Rian Ari Sandi', 41, 'Siswa', 'ee11cbb19052e40b07aac0ca060c23ee'),
(1458, '134431229108', 'Rima Novita Sari', 41, 'Siswa', 'ee11cbb19052e40b07aac0ca060c23ee'),
(1459, '134441230108', 'Rini Astutik Windasari', 41, 'Siswa', 'ee11cbb19052e40b07aac0ca060c23ee'),
(1460, '134451231108', 'Riski Oktavianto', 41, 'Siswa', 'ee11cbb19052e40b07aac0ca060c23ee'),
(1461, '134461232108', 'Riyan Hafiz Gunawan', 41, 'Siswa', 'ee11cbb19052e40b07aac0ca060c23ee'),
(1462, '134471233108', 'Rizki Firmansyah', 41, 'Siswa', 'ee11cbb19052e40b07aac0ca060c23ee'),
(1463, '134481234108', 'Risky Putra Pamungkas', 41, 'Siswa', 'ee11cbb19052e40b07aac0ca060c23ee'),
(1464, '134491235108', 'Robiatul Adawiyah', 41, 'Siswa', 'ee11cbb19052e40b07aac0ca060c23ee'),
(1465, '134501236108', 'Rodia Ulfa', 41, 'Siswa', 'ee11cbb19052e40b07aac0ca060c23ee'),
(1466, '134511237108', 'Santi Kurnia Sari', 41, 'Siswa', 'ee11cbb19052e40b07aac0ca060c23ee'),
(1467, '134521238108', 'Septi Anggraeni', 41, 'Siswa', 'ee11cbb19052e40b07aac0ca060c23ee'),
(1468, '134531239108', 'Serli', 41, 'Siswa', 'ee11cbb19052e40b07aac0ca060c23ee'),
(1469, '134541240108', 'Sholahuddin Aly Wafa', 41, 'Siswa', 'ee11cbb19052e40b07aac0ca060c23ee'),
(1470, '134551241108', 'Sinta Rukmana', 41, 'Siswa', 'ee11cbb19052e40b07aac0ca060c23ee'),
(1471, '134561242108', 'Siti Aisah', 41, 'Siswa', 'ee11cbb19052e40b07aac0ca060c23ee'),
(1472, '134571243108', 'Siti Romela', 41, 'Siswa', 'ee11cbb19052e40b07aac0ca060c23ee'),
(1473, '134581244108', 'Sundari', 41, 'Siswa', 'ee11cbb19052e40b07aac0ca060c23ee'),
(1474, '134591245108', 'Supriyono', 41, 'Siswa', 'ee11cbb19052e40b07aac0ca060c23ee'),
(1475, '134601246108', 'Takmil Min Khoyrul Anam', 41, 'Siswa', 'ee11cbb19052e40b07aac0ca060c23ee'),
(1476, '134611247108', 'Tiara Anita Puspita Wulandarih', 41, 'Siswa', 'ee11cbb19052e40b07aac0ca060c23ee'),
(1477, '134631249108', 'Widayanti Khoirunnisa', 41, 'Siswa', 'ee11cbb19052e40b07aac0ca060c23ee'),
(1478, '134641250108', 'Yudhi Dwi Prasetyo', 41, 'Siswa', 'ee11cbb19052e40b07aac0ca060c23ee'),
(1479, '134651251108', 'Zakiah Af Idatul Farahah ', 41, 'Siswa', 'ee11cbb19052e40b07aac0ca060c23ee');

-- --------------------------------------------------------

--
-- Struktur dari tabel `status`
--

CREATE TABLE `status` (
  `id_sts` int(11) NOT NULL,
  `nama_sts` varchar(30) NOT NULL,
  `ket_sts` text NOT NULL
) ENGINE=InnoDB DEFAULT CHARSET=utf8mb4;

--
-- Dumping data untuk tabel `status`
--

INSERT INTO `status` (`id_sts`, `nama_sts`, `ket_sts`) VALUES
(1, 'Kepala Sekolah', ''),
(2, 'Guru Mapel', ''),
(3, 'Waka Kurikulum', ''),
(4, 'Waka Keiswaan', ''),
(5, 'Ketua Kompentensi Keahlian', ''),
(6, 'Guru BP/BK', ''),
(7, ' Waka Humas', ''),
(8, 'Waka Sarpras', ''),
(9, 'Ka. Sub Bag. TU', ''),
(10, 'Staf TU', ''),
(11, 'Bag. Kebersihan', ''),
(12, 'SATPAM', '');

-- --------------------------------------------------------

--
-- Struktur dari tabel `user`
--

CREATE TABLE `user` (
  `id_admin` int(11) NOT NULL,
  `nama` varchar(20) NOT NULL,
  `username` varchar(20) NOT NULL,
  `password` varchar(50) NOT NULL,
  `role` varchar(5) NOT NULL
) ENGINE=InnoDB DEFAULT CHARSET=utf8mb4;

--
-- Dumping data untuk tabel `user`
--

INSERT INTO `user` (`id_admin`, `nama`, `username`, `password`, `role`) VALUES
(1, 'Administrator', 'Administrator', '7b7bc2512ee1fedcd76bdc68926d4f7b', 'super'),
(2, 'Operator', 'Operator', 'e1b3ec89ead7f83a9245ed5c9cacfdbf', 'admin');

--
-- Indexes for dumped tables
--

--
-- Indeks untuk tabel `absen_guru`
--
ALTER TABLE `absen_guru`
  ADD PRIMARY KEY (`id_absg`),
  ADD KEY `nip` (`nip`),
  ADD KEY `nip_2` (`nip`);

--
-- Indeks untuk tabel `absen_siswa`
--
ALTER TABLE `absen_siswa`
  ADD PRIMARY KEY (`id_abss`),
  ADD KEY `nisn` (`nisn`);

--
-- Indeks untuk tabel `guru`
--
ALTER TABLE `guru`
  ADD PRIMARY KEY (`id_guru`),
  ADD KEY `nip` (`nip`),
  ADD KEY `sts_id` (`sts_id`);

--
-- Indeks untuk tabel `jam_absen`
--
ALTER TABLE `jam_absen`
  ADD PRIMARY KEY (`id_jam_absen_`);

--
-- Indeks untuk tabel `jurusan`
--
ALTER TABLE `jurusan`
  ADD PRIMARY KEY (`id_jurusan`);

--
-- Indeks untuk tabel `kelas`
--
ALTER TABLE `kelas`
  ADD PRIMARY KEY (`id_kelas`),
  ADD KEY `jurusan_id` (`jurusan_id`),
  ADD KEY `wali_kelas` (`wali_kelas`);

--
-- Indeks untuk tabel `mapel`
--
ALTER TABLE `mapel`
  ADD PRIMARY KEY (`id_mapel`);

--
-- Indeks untuk tabel `siswa`
--
ALTER TABLE `siswa`
  ADD PRIMARY KEY (`id_siswa`),
  ADD KEY `nisn` (`nisn`),
  ADD KEY `kelas_id` (`kelas_id`);

--
-- Indeks untuk tabel `status`
--
ALTER TABLE `status`
  ADD PRIMARY KEY (`id_sts`);

--
-- Indeks untuk tabel `user`
--
ALTER TABLE `user`
  ADD PRIMARY KEY (`id_admin`);

--
-- AUTO_INCREMENT untuk tabel yang dibuang
--

--
-- AUTO_INCREMENT untuk tabel `absen_guru`
--
ALTER TABLE `absen_guru`
  MODIFY `id_absg` int(11) NOT NULL AUTO_INCREMENT, AUTO_INCREMENT=6;

--
-- AUTO_INCREMENT untuk tabel `absen_siswa`
--
ALTER TABLE `absen_siswa`
  MODIFY `id_abss` int(11) NOT NULL AUTO_INCREMENT, AUTO_INCREMENT=8;

--
-- AUTO_INCREMENT untuk tabel `guru`
--
ALTER TABLE `guru`
  MODIFY `id_guru` int(11) NOT NULL AUTO_INCREMENT, AUTO_INCREMENT=130;

--
-- AUTO_INCREMENT untuk tabel `jam_absen`
--
ALTER TABLE `jam_absen`
  MODIFY `id_jam_absen_` int(11) NOT NULL AUTO_INCREMENT, AUTO_INCREMENT=13;

--
-- AUTO_INCREMENT untuk tabel `jurusan`
--
ALTER TABLE `jurusan`
  MODIFY `id_jurusan` int(5) NOT NULL AUTO_INCREMENT, AUTO_INCREMENT=9;

--
-- AUTO_INCREMENT untuk tabel `kelas`
--
ALTER TABLE `kelas`
  MODIFY `id_kelas` int(11) NOT NULL AUTO_INCREMENT, AUTO_INCREMENT=43;

--
-- AUTO_INCREMENT untuk tabel `mapel`
--
ALTER TABLE `mapel`
  MODIFY `id_mapel` int(11) NOT NULL AUTO_INCREMENT;

--
-- AUTO_INCREMENT untuk tabel `siswa`
--
ALTER TABLE `siswa`
  MODIFY `id_siswa` int(11) NOT NULL AUTO_INCREMENT, AUTO_INCREMENT=1480;

--
-- AUTO_INCREMENT untuk tabel `status`
--
ALTER TABLE `status`
  MODIFY `id_sts` int(11) NOT NULL AUTO_INCREMENT, AUTO_INCREMENT=13;

--
-- AUTO_INCREMENT untuk tabel `user`
--
ALTER TABLE `user`
  MODIFY `id_admin` int(11) NOT NULL AUTO_INCREMENT, AUTO_INCREMENT=5;

--
-- Ketidakleluasaan untuk tabel pelimpahan (Dumped Tables)
--

--
-- Ketidakleluasaan untuk tabel `absen_guru`
--
ALTER TABLE `absen_guru`
  ADD CONSTRAINT `absen_guru_ibfk_1` FOREIGN KEY (`nip`) REFERENCES `guru` (`nip`) ON DELETE CASCADE ON UPDATE CASCADE;

--
-- Ketidakleluasaan untuk tabel `absen_siswa`
--
ALTER TABLE `absen_siswa`
  ADD CONSTRAINT `absen_siswa_ibfk_1` FOREIGN KEY (`nisn`) REFERENCES `siswa` (`nisn`) ON DELETE CASCADE ON UPDATE CASCADE;

--
-- Ketidakleluasaan untuk tabel `kelas`
--
ALTER TABLE `kelas`
  ADD CONSTRAINT `kelas_ibfk_1` FOREIGN KEY (`jurusan_id`) REFERENCES `jurusan` (`id_jurusan`) ON DELETE CASCADE ON UPDATE CASCADE;

--
-- Ketidakleluasaan untuk tabel `siswa`
--
ALTER TABLE `siswa`
  ADD CONSTRAINT `siswa_ibfk_1` FOREIGN KEY (`kelas_id`) REFERENCES `kelas` (`id_kelas`) ON DELETE CASCADE ON UPDATE CASCADE;

--
-- Ketidakleluasaan untuk tabel `status`
--
ALTER TABLE `status`
  ADD CONSTRAINT `status_ibfk_1` FOREIGN KEY (`id_sts`) REFERENCES `guru` (`sts_id`) ON DELETE CASCADE ON UPDATE CASCADE;
COMMIT;

/*!40101 SET CHARACTER_SET_CLIENT=@OLD_CHARACTER_SET_CLIENT */;
/*!40101 SET CHARACTER_SET_RESULTS=@OLD_CHARACTER_SET_RESULTS */;
/*!40101 SET COLLATION_CONNECTION=@OLD_COLLATION_CONNECTION */;
